"data","fechamento","abertura","maxima","minima","volume","variacao","DATE"
"Jan 16 2017","830.1","820.7","837.9","814.8","7.65","1.14",2017-01-16
"Jan 17 2017","904.0","830.1","910.8","828.0","27.34","8.90",2017-01-17
"Jan 18 2017","887.8","904.0","913.8","847.3","21.30","-1.80",2017-01-18
"Jan 19 2017","900.3","887.6","908.2","884.6","15.08","1.41",2017-01-19
"Jan 20 2017","896.0","900.3","904.5","883.3","9.49","-0.48",2017-01-20
"Jan 21 2017","924.0","895.7","931.0","893.9","12.17","3.13",2017-01-21
"Jan 22 2017","923.7","924.0","939.7","892.0","21.84","-0.03",2017-01-22
"Jan 23 2017","910.0","923.7","928.8","910.0","9.63","-1.48",2017-01-23
"Jan 24 2017","886.1","908.4","927.0","884.2","20.73","-2.63",2017-01-24
"Jan 25 2017","893.3","886.1","899.6","884.2","10.48","0.82",2017-01-25
"Jan 26 2017","915.1","893.3","917.6","893.3","9.82","2.44",2017-01-26
"Jan 27 2017","916.7","915.1","922.2","905.0","10.14","0.17",2017-01-27
"Jan 28 2017","919.4","916.7","924.0","915.0","3.61","0.30",2017-01-28
"Jan 29 2017","912.6","919.4","923.0","910.7","2.70","-0.75",2017-01-29
"Jan 30 2017","917.4","912.5","920.8","910.0","3.45","0.53",2017-01-30
"Jan 31 2017","966.2","917.4","969.4","916.8","19.65","5.32",2017-01-31
"Feb 01 2017","983.7","966.2","985.0","960.1","11.35","1.82",NA
"Feb 02 2017","1,005.7","983.7","1,010.5","970.1","17.79","2.23",NA
"Feb 03 2017","1,015.7","1,007.0","1,020.5","988.3","18.97","0.99",NA
"Feb 04 2017","1,031.1","1,016.8","1,040.0","1,001.6","17.19","1.52",NA
"Feb 05 2017","1,006.6","1,031.1","1,033.0","996.3","16.19","-2.38",NA
"Feb 06 2017","1,022.6","1,006.6","1,026.2","1,006.0","8.90","1.59",NA
"Feb 07 2017","1,052.1","1,022.6","1,056.3","1,021.7","15.19","2.88",NA
"Feb 08 2017","1,048.8","1,052.5","1,068.0","1,013.2","23.09","-0.31",NA
"Feb 09 2017","985.0","1,049.0","1,078.0","936.4","59.96","-6.09",NA
"Feb 10 2017","992.0","985.0","1,002.0","949.4","24.48","0.71",NA
"Feb 11 2017","1,000.3","992.1","1,009.0","984.2","9.32","0.84",NA
"Feb 12 2017","996.0","1,000.1","1,005.4","992.3","4.33","-0.43",NA
"Feb 13 2017","996.5","996.0","1,004.5","975.9","9.05","0.05",NA
"Feb 14 2017","1,013.7","996.5","1,019.0","988.9","12.20","1.73",NA
"Feb 15 2017","1,013.8","1,013.3","1,017.3","1,002.4","5.61","0.01",NA
"Feb 16 2017","1,038.4","1,013.9","1,045.7","1,013.9","11.26","2.43",NA
"Feb 17 2017","1,056.2","1,038.5","1,065.8","1,034.1","16.17","1.71",NA
"Feb 18 2017","1,059.8","1,056.2","1,071.1","1,053.1","7.15","0.34",NA
"Feb 19 2017","1,056.2","1,059.8","1,066.0","1,045.0","6.44","-0.34",NA
"Feb 20 2017","1,091.2","1,056.2","1,100.3","1,044.1","13.29","3.31",NA
"Feb 21 2017","1,129.6","1,091.3","1,134.0","1,085.0","24.50","3.52",NA
"Feb 22 2017","1,125.3","1,129.6","1,140.0","1,106.4","14.33","-0.38",NA
"Feb 23 2017","1,190.9","1,125.5","1,196.9","1,120.4","26.12","5.83",NA
"Feb 24 2017","1,185.1","1,189.9","1,222.2","1,111.1","48.21","-0.49",NA
"Feb 25 2017","1,153.0","1,185.4","1,189.9","1,131.5","16.29","-2.71",NA
"Feb 26 2017","1,178.3","1,153.0","1,185.9","1,130.9","11.08","2.19",NA
"Feb 27 2017","1,195.5","1,178.3","1,202.6","1,171.0","11.76","1.46",NA
"Feb 28 2017","1,189.1","1,196.0","1,216.0","1,177.8","17.47","-0.54",NA
"Mar 01 2017","1,232.8","1,189.1","1,233.5","1,186.0","22.49","3.68",2017-03-01
"Mar 02 2017","1,262.3","1,232.9","1,283.1","1,213.0","30.55","2.39",2017-03-02
"Mar 03 2017","1,288.2","1,257.6","1,294.7","1,256.6","22.29","2.05",2017-03-03
"Mar 04 2017","1,267.8","1,289.1","1,291.8","1,240.1","15.55","-1.58",2017-03-04
"Mar 05 2017","1,278.4","1,267.8","1,279.8","1,245.3","9.32","0.84",2017-03-05
"Mar 06 2017","1,279.3","1,278.4","1,287.8","1,268.6","9.60","0.07",2017-03-06
"Mar 07 2017","1,232.4","1,279.2","1,281.8","1,185.9","42.01","-3.67",2017-03-07
"Mar 08 2017","1,149.3","1,232.4","1,243.6","1,142.2","46.82","-6.74",2017-03-08
"Mar 09 2017","1,190.4","1,150.0","1,207.5","1,136.0","24.15","3.58",2017-03-09
"Mar 10 2017","1,113.6","1,190.4","1,328.8","971.0","104.89","-6.45",2017-03-10
"Mar 11 2017","1,172.8","1,113.5","1,196.1","1,107.0","31.26","5.32",2017-03-11
"Mar 12 2017","1,225.2","1,172.4","1,232.6","1,167.5","18.97","4.47",2017-03-12
"Mar 13 2017","1,238.5","1,224.4","1,246.9","1,207.5","23.07","1.09",2017-03-13
"Mar 14 2017","1,245.0","1,238.5","1,257.9","1,218.9","17.97","0.52",2017-03-14
"Mar 15 2017","1,256.1","1,245.0","1,262.0","1,241.3","15.84","0.89",2017-03-15
"Mar 16 2017","1,169.0","1,256.1","1,259.7","1,132.5","51.49","-6.93",2017-03-16
"Mar 17 2017","1,068.4","1,169.1","1,169.6","1,066.0","59.21","-8.61",2017-03-17
"Mar 18 2017","971.0","1,067.8","1,097.1","935.1","87.88","-9.12",2017-03-18
"Mar 19 2017","1,016.1","971.9","1,058.9","971.0","40.55","4.64",2017-03-19
"Mar 20 2017","1,039.0","1,016.5","1,052.1","1,011.2","20.53","2.25",2017-03-20
"Mar 21 2017","1,115.0","1,040.4","1,120.9","1,040.1","33.42","7.31",2017-03-21
"Mar 22 2017","1,039.1","1,115.9","1,116.0","986.3","41.33","-6.81",2017-03-22
"Mar 23 2017","1,033.0","1,039.4","1,055.0","1,018.0","19.33","-0.59",2017-03-23
"Mar 24 2017","943.1","1,032.7","1,034.2","928.3","43.52","-8.70",2017-03-24
"Mar 25 2017","972.2","942.1","980.0","891.0","46.01","3.08",2017-03-25
"Mar 26 2017","969.0","971.3","1,005.5","950.1","33.26","-0.33",2017-03-26
"Mar 27 2017","1,042.7","968.9","1,046.9","960.1","31.91","7.61",2017-03-27
"Mar 28 2017","1,044.7","1,042.8","1,066.5","1,016.8","25.25","0.19",2017-03-28
"Mar 29 2017","1,041.8","1,044.7","1,058.9","1,009.3","22.32","-0.28",2017-03-29
"Mar 30 2017","1,041.0","1,041.7","1,053.5","1,022.2","24.81","-0.08",2017-03-30
"Mar 31 2017","1,081.7","1,042.1","1,089.4","1,041.0","27.50","3.91",2017-03-31
"Apr 01 2017","1,093.2","1,081.3","1,106.9","1,070.2","17.00","1.06",NA
"Apr 02 2017","1,107.6","1,093.5","1,118.2","1,081.0","20.42","1.32",NA
"Apr 03 2017","1,150.2","1,107.8","1,159.9","1,107.8","30.42","3.85",NA
"Apr 04 2017","1,145.0","1,150.1","1,161.9","1,124.1","21.16","-0.45",NA
"Apr 05 2017","1,140.6","1,145.8","1,146.7","1,112.3","22.55","-0.38",NA
"Apr 06 2017","1,191.5","1,140.3","1,206.4","1,140.3","32.17","4.46",NA
"Apr 07 2017","1,196.6","1,191.5","1,208.9","1,176.7","20.44","0.43",NA
"Apr 08 2017","1,188.1","1,196.6","1,202.6","1,171.3","11.02","-0.71",NA
"Apr 09 2017","1,215.9","1,188.1","1,226.9","1,180.2","16.31","2.34",NA
"Apr 10 2017","1,220.3","1,215.9","1,229.9","1,208.1","11.55","0.36",NA
"Apr 11 2017","1,235.6","1,220.3","1,243.4","1,209.1","9.56","1.25",NA
"Apr 12 2017","1,227.4","1,236.9","1,239.0","1,221.0","12.01","-0.66",NA
"Apr 13 2017","1,187.0","1,227.4","1,235.1","1,163.5","19.14","-3.29",NA
"Apr 14 2017","1,206.8","1,187.0","1,219.1","1,184.0","12.32","1.67",NA
"Apr 15 2017","1,193.3","1,206.8","1,215.0","1,190.0","9.15","-1.12",NA
"Apr 16 2017","1,212.0","1,193.3","1,217.6","1,190.4","4.50","1.57",NA
"Apr 17 2017","1,240.0","1,212.5","1,247.0","1,202.2","15.15","2.31",NA
"Apr 18 2017","1,265.4","1,240.0","1,274.8","1,237.0","16.14","2.05",NA
"Apr 19 2017","1,260.5","1,265.4","1,272.0","1,255.0","7.58","-0.39",NA
"Apr 20 2017","1,308.4","1,260.5","1,325.7","1,260.1","15.62","3.80",NA
"Apr 21 2017","1,325.6","1,308.7","1,333.1","1,307.5","8.00","1.31",NA
"Apr 22 2017","1,347.5","1,327.1","1,353.1","1,290.1","12.37","1.65",NA
"Apr 23 2017","1,355.2","1,346.4","1,359.0","1,336.0","7.75","0.57",NA
"Apr 24 2017","1,345.0","1,355.3","1,359.6","1,326.9","7.91","-0.75",NA
"Apr 25 2017","1,370.3","1,345.0","1,378.5","1,342.1","8.27","1.88",NA
"Apr 26 2017","1,399.3","1,371.0","1,411.7","1,365.1","11.81","2.12",NA
"Apr 27 2017","1,440.3","1,399.3","1,449.7","1,392.5","10.40","2.93",NA
"Apr 28 2017","1,415.6","1,440.3","1,447.0","1,368.3","14.02","-1.71",NA
"Apr 29 2017","1,423.6","1,415.6","1,436.6","1,401.5","8.77","0.57",NA
"Apr 30 2017","1,435.2","1,425.4","1,443.5","1,403.3","8.52","0.81",NA
"May 01 2017","1,533.1","1,435.0","1,560.0","1,432.0","22.30","6.82",NA
"May 02 2017","1,560.0","1,533.0","1,604.6","1,479.2","16.73","1.75",NA
"May 03 2017","1,617.8","1,558.5","1,626.9","1,542.0","17.07","3.71",NA
"May 04 2017","1,607.1","1,619.4","1,701.9","1,521.1","31.49","-0.66",NA
"May 05 2017","1,545.1","1,607.2","1,665.5","1,511.7","32.64","-3.86",NA
"May 06 2017","1,597.1","1,545.1","1,605.0","1,545.0","14.02","3.37",NA
"May 07 2017","1,619.9","1,597.0","1,631.3","1,575.1","13.91","1.43",NA
"May 08 2017","1,703.2","1,619.8","1,715.0","1,618.9","19.91","5.14",NA
"May 09 2017","1,760.0","1,703.5","1,813.9","1,695.1","31.21","3.33",NA
"May 10 2017","1,796.8","1,759.8","1,817.4","1,722.3","18.62","2.09",NA
"May 11 2017","1,853.9","1,796.9","1,908.0","1,766.6","24.39","3.18",NA
"May 12 2017","1,735.0","1,853.9","1,864.8","1,700.8","21.40","-6.41",NA
"May 13 2017","1,820.4","1,735.0","1,824.0","1,666.0","16.60","4.92",NA
"May 14 2017","1,828.1","1,820.6","1,852.4","1,780.0","11.31","0.42",NA
"May 15 2017","1,772.5","1,826.8","1,828.5","1,720.0","15.76","-3.04",NA
"May 16 2017","1,785.7","1,772.0","1,795.1","1,728.0","9.86","0.74",NA
"May 17 2017","1,870.0","1,786.2","1,892.9","1,766.4","15.91","4.72",NA
"May 18 2017","1,941.5","1,870.0","1,949.9","1,861.0","12.91","3.82",NA
"May 19 2017","1,966.5","1,941.5","2,000.0","1,925.0","23.00","1.29",NA
"May 20 2017","2,059.7","1,966.5","2,072.2","1,963.6","21.69","4.74",NA
"May 21 2017","2,029.2","2,059.3","2,099.1","2,001.0","17.22","-1.48",NA
"May 22 2017","2,085.5","2,026.5","2,219.9","1,979.2","57.24","2.77",NA
"May 23 2017","2,249.3","2,087.5","2,262.9","2,060.0","22.49","7.85",NA
"May 24 2017","2,394.8","2,250.0","2,443.8","2,247.7","29.63","6.47",NA
"May 25 2017","2,252.0","2,392.6","2,689.0","2,142.1","55.10","-5.96",NA
"May 26 2017","2,127.3","2,268.1","2,477.0","2,008.7","39.76","-5.54",NA
"May 27 2017","1,972.3","2,125.9","2,207.9","1,810.0","47.12","-7.29",NA
"May 28 2017","2,056.6","1,980.0","2,193.0","1,955.5","25.78","4.27",NA
"May 29 2017","2,207.4","2,056.9","2,249.8","1,990.1","16.46","7.33",NA
"May 30 2017","2,146.7","2,207.4","2,263.1","2,080.4","21.45","-2.75",NA
"May 31 2017","2,191.8","2,147.3","2,240.1","2,002.1","21.24","2.10",NA
"Jun 01 2017","2,311.6","2,191.8","2,366.7","2,187.4","18.96","5.46",2017-06-01
"Jun 02 2017","2,405.9","2,312.0","2,407.8","2,271.9","12.55","4.08",2017-06-02
"Jun 03 2017","2,461.0","2,405.9","2,481.0","2,348.0","10.77","2.29",2017-06-03
"Jun 04 2017","2,488.2","2,461.6","2,498.0","2,376.4","11.88","1.11",2017-06-04
"Jun 05 2017","2,636.2","2,488.2","2,637.5","2,480.0","15.39","5.95",2017-06-05
"Jun 06 2017","2,843.6","2,636.9","2,896.5","2,620.0","42.68","7.87",2017-06-06
"Jun 07 2017","2,642.6","2,844.6","2,850.0","2,600.2","22.10","-7.07",2017-06-07
"Jun 08 2017","2,782.1","2,642.0","2,789.3","2,570.1","16.98","5.28",2017-06-08
"Jun 09 2017","2,809.0","2,781.5","2,849.8","2,769.6","9.52","0.97",2017-06-09
"Jun 10 2017","2,806.0","2,809.9","2,890.5","2,750.8","16.17","-0.11",2017-06-10
"Jun 11 2017","2,936.3","2,806.0","3,000.0","2,793.8","19.03","4.64",2017-06-11
"Jun 12 2017","2,571.8","2,941.8","2,961.9","2,298.2","48.34","-12.41",2017-06-12
"Jun 13 2017","2,676.4","2,570.0","2,730.0","2,532.6","23.18","4.07",2017-06-13
"Jun 14 2017","2,395.0","2,677.1","2,720.0","2,284.4","34.71","-10.51",2017-06-14
"Jun 15 2017","2,377.4","2,394.3","2,455.0","2,050.0","55.83","-0.74",2017-06-15
"Jun 16 2017","2,437.0","2,377.5","2,480.0","2,261.2","22.41","2.51",2017-06-16
"Jun 17 2017","2,610.0","2,435.5","2,636.9","2,368.7","16.64","7.10",2017-06-17
"Jun 18 2017","2,491.5","2,610.1","2,635.0","2,421.0","19.99","-4.54",2017-06-18
"Jun 19 2017","2,580.8","2,494.9","2,592.7","2,481.4","13.71","3.58",2017-06-19
"Jun 20 2017","2,712.2","2,585.0","2,779.6","2,568.2","20.56","5.09",2017-06-20
"Jun 21 2017","2,621.2","2,715.3","2,760.0","2,573.3","24.54","-3.36",2017-06-21
"Jun 22 2017","2,672.8","2,624.4","2,709.0","2,554.8","15.18","1.97",2017-06-22
"Jun 23 2017","2,674.9","2,672.8","2,725.3","2,652.8","8.14","0.08",2017-06-23
"Jun 24 2017","2,502.6","2,674.9","2,700.0","2,454.1","16.77","-6.44",2017-06-24
"Jun 25 2017","2,477.7","2,502.6","2,595.0","2,369.1","18.13","-0.99",2017-06-25
"Jun 26 2017","2,394.6","2,480.0","2,510.4","2,258.7","36.37","-3.35",2017-06-26
"Jun 27 2017","2,521.2","2,393.5","2,524.0","2,208.1","33.49","5.29",2017-06-27
"Jun 28 2017","2,518.2","2,521.3","2,561.1","2,403.2","21.83","-0.12",2017-06-28
"Jun 29 2017","2,470.1","2,518.2","2,537.0","2,424.1","12.96","-1.91",2017-06-29
"Jun 30 2017","2,420.7","2,472.4","2,511.1","2,406.6","10.40","-2.00",2017-06-30
"Jul 01 2017","2,349.5","2,420.6","2,440.9","2,291.0","15.08","-2.94",2017-07-01
"Jul 02 2017","2,445.0","2,346.2","2,470.0","2,302.0","12.03","4.06",2017-07-02
"Jul 03 2017","2,524.0","2,445.1","2,584.0","2,416.2","16.14","3.23",2017-07-03
"Jul 04 2017","2,582.6","2,525.9","2,628.0","2,512.4","15.75","2.32",2017-07-04
"Jul 05 2017","2,598.5","2,579.9","2,617.6","2,482.5","13.54","0.62",2017-07-05
"Jul 06 2017","2,593.1","2,598.6","2,603.3","2,546.0","9.83","-0.21",2017-07-06
"Jul 07 2017","2,479.3","2,593.2","2,598.0","2,447.0","17.68","-4.39",2017-07-07
"Jul 08 2017","2,542.0","2,479.3","2,542.6","2,436.8","9.69","2.53",2017-07-08
"Jul 09 2017","2,478.0","2,542.0","2,555.6","2,473.7","7.78","-2.52",2017-07-09
"Jul 10 2017","2,318.3","2,477.9","2,498.1","2,240.0","28.09","-6.44",2017-07-10
"Jul 11 2017","2,282.1","2,318.3","2,372.8","2,183.3","33.06","-1.56",2017-07-11
"Jul 12 2017","2,374.4","2,285.6","2,394.0","2,195.8","21.67","4.04",2017-07-12
"Jul 13 2017","2,329.0","2,375.6","2,400.0","2,293.8","18.42","-1.91",2017-07-13
"Jul 14 2017","2,205.1","2,329.4","2,345.6","2,138.0","27.74","-5.32",2017-07-14
"Jul 15 2017","1,978.6","2,206.5","2,210.1","1,975.7","41.76","-10.27",2017-07-15
"Jul 16 2017","1,924.9","1,979.7","2,048.8","1,835.8","53.02","-2.71",2017-07-16
"Jul 17 2017","2,219.0","1,925.0","2,223.3","1,924.1","40.48","15.28",2017-07-17
"Jul 18 2017","2,302.1","2,220.0","2,380.2","2,139.8","44.10","3.74",2017-07-18
"Jul 19 2017","2,253.1","2,302.2","2,399.9","2,214.2","35.81","-2.13",2017-07-19
"Jul 20 2017","2,856.3","2,253.3","2,919.9","2,253.3","83.44","26.77",2017-07-20
"Jul 21 2017","2,664.0","2,874.5","2,874.5","2,615.0","57.43","-6.73",2017-07-21
"Jul 22 2017","2,845.7","2,659.0","2,912.9","2,642.8","35.25","6.82",2017-07-22
"Jul 23 2017","2,747.5","2,845.7","2,875.7","2,656.2","35.18","-3.45",2017-07-23
"Jul 24 2017","2,769.7","2,750.1","2,812.0","2,707.3","20.71","0.81",2017-07-24
"Jul 25 2017","2,560.9","2,769.7","2,790.1","2,435.7","56.10","-7.54",2017-07-25
"Jul 26 2017","2,525.7","2,560.9","2,612.0","2,404.6","34.18","-1.37",2017-07-26
"Jul 27 2017","2,664.9","2,527.7","2,682.2","2,511.0","31.36","5.51",2017-07-27
"Jul 28 2017","2,784.8","2,664.6","2,819.9","2,655.5","40.54","4.50",2017-07-28
"Jul 29 2017","2,714.1","2,784.8","2,794.2","2,662.6","24.25","-2.54",2017-07-29
"Jul 30 2017","2,749.0","2,713.7","2,756.2","2,595.0","34.97","1.29",2017-07-30
"Jul 31 2017","2,856.0","2,748.9","2,883.5","2,694.8","27.56","3.89",2017-07-31
"Aug 01 2017","2,731.2","2,854.3","2,901.6","2,615.8","42.31","-4.37",NA
"Aug 02 2017","2,702.0","2,733.8","2,757.8","2,640.0","23.76","-1.07",NA
"Aug 03 2017","2,790.3","2,702.0","2,813.0","2,698.0","16.86","3.27",NA
"Aug 04 2017","2,860.0","2,790.3","2,874.8","2,762.6","18.99","2.50",NA
"Aug 05 2017","3,256.4","2,860.0","3,331.9","2,855.0","50.56","13.86",NA
"Aug 06 2017","3,227.9","3,255.0","3,309.8","3,156.0","16.95","-0.88",NA
"Aug 07 2017","3,396.7","3,232.5","3,440.0","3,190.0","24.54","5.23",NA
"Aug 08 2017","3,415.0","3,395.0","3,482.9","3,343.8","31.72","0.54",NA
"Aug 09 2017","3,339.9","3,415.0","3,424.4","3,236.8","26.25","-2.20",NA
"Aug 10 2017","3,407.9","3,340.2","3,444.4","3,310.0","19.13","2.04",NA
"Aug 11 2017","3,644.1","3,404.7","3,690.6","3,380.0","26.43","6.93",NA
"Aug 12 2017","3,865.5","3,643.4","3,965.4","3,590.0","37.66","6.08",NA
"Aug 13 2017","4,053.3","3,866.2","4,183.7","3,836.1","48.16","4.86",NA
"Aug 14 2017","4,319.5","4,061.6","4,330.3","3,969.3","34.22","6.57",NA
"Aug 15 2017","4,151.9","4,321.0","4,430.0","3,841.9","64.13","-3.88",NA
"Aug 16 2017","4,386.3","4,160.0","4,403.6","3,928.1","35.29","5.65",NA
"Aug 17 2017","4,260.0","4,386.4","4,489.1","4,178.1","40.30","-2.88",NA
"Aug 18 2017","4,090.2","4,269.7","4,359.0","3,957.0","46.80","-3.99",NA
"Aug 19 2017","4,145.1","4,088.2","4,184.1","3,920.0","41.77","1.34",NA
"Aug 20 2017","4,064.3","4,145.0","4,192.0","4,040.9","25.10","-1.95",NA
"Aug 21 2017","4,002.5","4,066.3","4,093.5","3,956.4","26.61","-1.52",NA
"Aug 22 2017","4,074.0","3,998.9","4,140.0","3,600.0","61.72","1.79",NA
"Aug 23 2017","4,129.1","4,086.9","4,248.6","4,055.9","27.49","1.35",NA
"Aug 24 2017","4,325.2","4,135.0","4,370.8","4,093.0","22.04","4.75",NA
"Aug 25 2017","4,351.5","4,324.1","4,461.2","4,277.4","27.76","0.61",NA
"Aug 26 2017","4,341.7","4,351.5","4,364.0","4,243.6","14.80","-0.23",NA
"Aug 27 2017","4,331.8","4,340.2","4,405.7","4,305.0","11.16","-0.23",NA
"Aug 28 2017","4,383.8","4,330.7","4,395.2","4,175.7","21.22","1.20",NA
"Aug 29 2017","4,587.1","4,385.1","4,644.2","4,336.7","32.70","4.64",NA
"Aug 30 2017","4,569.0","4,586.6","4,641.1","4,481.1","17.07","-0.39",NA
"Aug 31 2017","4,718.2","4,567.9","4,749.9","4,567.9","18.47","3.27",NA
"Sep 01 2017","4,904.9","4,718.3","4,927.4","4,660.7","28.71","3.96",NA
"Sep 02 2017","4,534.4","4,911.8","4,969.0","4,400.5","55.03","-7.55",NA
"Sep 03 2017","4,595.0","4,534.2","4,699.8","4,331.0","33.56","1.34",NA
"Sep 04 2017","4,200.4","4,599.2","4,606.0","4,056.5","59.08","-8.59",NA
"Sep 05 2017","4,374.9","4,210.6","4,469.9","3,900.1","57.73","4.15",NA
"Sep 06 2017","4,589.1","4,375.0","4,631.4","4,361.4","39.00","4.90",NA
"Sep 07 2017","4,613.5","4,594.6","4,672.8","4,465.3","23.13","0.53",NA
"Sep 08 2017","4,305.8","4,613.5","4,686.2","4,107.1","60.93","-6.67",NA
"Sep 09 2017","4,317.9","4,304.0","4,381.2","4,159.4","31.11","0.28",NA
"Sep 10 2017","4,232.1","4,315.4","4,325.0","3,975.8","45.87","-1.99",NA
"Sep 11 2017","4,203.0","4,234.9","4,373.1","4,123.0","30.90","-0.69",NA
"Sep 12 2017","4,142.9","4,198.9","4,378.4","4,055.5","40.04","-1.43",NA
"Sep 13 2017","3,849.7","4,149.4","4,159.6","3,734.0","71.51","-7.08",NA
"Sep 14 2017","3,238.1","3,850.2","3,917.2","3,206.2","127.51","-15.89",NA
"Sep 15 2017","3,698.0","3,237.4","3,809.0","2,981.0","183.11","14.20",NA
"Sep 16 2017","3,685.4","3,697.1","3,874.0","3,511.1","70.74","-0.34",NA
"Sep 17 2017","3,666.3","3,680.1","3,775.9","3,476.3","37.05","-0.52",NA
"Sep 18 2017","4,084.1","3,667.0","4,113.9","3,667.0","58.98","11.40",NA
"Sep 19 2017","3,900.0","4,084.4","4,110.0","3,836.2","47.77","-4.51",NA
"Sep 20 2017","3,873.2","3,892.2","4,048.0","3,834.1","33.21","-0.69",NA
"Sep 21 2017","3,603.4","3,875.5","3,903.7","3,564.4","56.98","-6.97",NA
"Sep 22 2017","3,598.5","3,597.3","3,743.6","3,493.5","49.24","-0.14",NA
"Sep 23 2017","3,779.6","3,598.7","3,808.0","3,559.1","25.64","5.03",NA
"Sep 24 2017","3,652.8","3,779.6","3,781.3","3,620.0","20.88","-3.35",NA
"Sep 25 2017","3,930.0","3,654.7","3,977.0","3,654.7","40.15","7.59",NA
"Sep 26 2017","3,879.1","3,930.0","3,983.0","3,850.9","21.41","-1.30",NA
"Sep 27 2017","4,205.4","3,881.6","4,226.5","3,878.1","48.62","8.41",NA
"Sep 28 2017","4,190.0","4,207.5","4,268.6","4,125.0","36.57","-0.37",NA
"Sep 29 2017","4,169.9","4,190.0","4,244.6","4,024.7","38.94","-0.48",NA
"Sep 30 2017","4,367.0","4,168.1","4,393.4","4,160.1","31.50","4.73",NA
"Oct 01 2017","4,404.3","4,366.6","4,420.5","4,257.7","29.23","0.85",NA
"Oct 02 2017","4,400.1","4,404.3","4,482.0","4,359.8","29.08","-0.10",NA
"Oct 03 2017","4,311.1","4,399.3","4,439.9","4,222.0","28.54","-2.02",NA
"Oct 04 2017","4,215.1","4,310.6","4,353.8","4,177.7","26.37","-2.23",NA
"Oct 05 2017","4,315.4","4,215.9","4,364.6","4,134.9","25.36","2.38",NA
"Oct 06 2017","4,371.0","4,312.6","4,424.5","4,294.0","25.94","1.29",NA
"Oct 07 2017","4,436.0","4,370.0","4,477.1","4,316.1","17.41","1.49",NA
"Oct 08 2017","4,613.1","4,435.9","4,630.0","4,417.6","29.86","3.99",NA
"Oct 09 2017","4,782.3","4,612.4","4,874.9","4,551.3","48.93","3.67",NA
"Oct 10 2017","4,777.0","4,782.3","4,940.0","4,717.5","42.68","-0.11",NA
"Oct 11 2017","4,824.9","4,777.7","4,879.5","4,715.0","28.92","1.00",NA
"Oct 12 2017","5,428.5","4,824.9","5,437.6","4,815.1","79.26","12.51",NA
"Oct 13 2017","5,636.8","5,440.0","5,874.3","5,376.0","99.15","3.84",NA
"Oct 14 2017","5,835.0","5,636.8","5,854.3","5,567.3","36.81","3.52",NA
"Oct 15 2017","5,698.6","5,838.7","5,876.9","5,450.0","57.34","-2.34",NA
"Oct 16 2017","5,764.4","5,712.2","5,803.2","5,570.4","31.41","1.15",NA
"Oct 17 2017","5,597.1","5,764.8","5,779.0","5,511.0","31.91","-2.90",NA
"Oct 18 2017","5,565.0","5,597.7","5,597.9","5,114.3","69.04","-0.57",NA
"Oct 19 2017","5,694.0","5,574.8","5,741.0","5,505.8","38.04","2.32",NA
"Oct 20 2017","5,984.5","5,694.0","6,082.2","5,606.4","61.78","5.10",NA
"Oct 21 2017","6,005.1","5,984.9","6,190.0","5,873.6","53.52","0.34",NA
"Oct 22 2017","5,980.5","6,005.1","6,069.6","5,717.9","50.58","-0.41",NA
"Oct 23 2017","5,906.9","5,980.5","6,051.0","5,639.8","67.06","-1.23",NA
"Oct 24 2017","5,509.5","5,902.5","5,902.5","5,457.5","64.03","-6.73",NA
"Oct 25 2017","5,720.0","5,509.9","5,743.9","5,367.9","44.80","3.82",NA
"Oct 26 2017","5,890.0","5,724.2","5,966.6","5,680.5","42.72","2.97",NA
"Oct 27 2017","5,759.6","5,890.0","6,010.2","5,681.2","39.71","-2.21",NA
"Oct 28 2017","5,720.6","5,759.8","5,863.9","5,634.7","26.66","-0.68",NA
"Oct 29 2017","6,156.0","5,718.1","6,330.0","5,662.9","61.92","7.61",NA
"Oct 30 2017","6,125.3","6,146.0","6,237.2","6,010.0","33.26","-0.50",NA
"Oct 31 2017","6,458.3","6,129.9","6,472.1","6,082.7","38.76","5.44",NA
"Nov 01 2017","6,727.3","6,450.2","6,727.3","6,348.0","57.13","4.17",2017-11-01
"Nov 02 2017","7,019.9","6,735.0","7,315.1","6,724.5","97.45","4.35",2017-11-02
"Nov 03 2017","7,278.4","7,018.9","7,447.5","6,926.5","64.15","3.68",2017-11-03
"Nov 04 2017","7,369.0","7,104.0","7,521.1","6,936.5","48.62","1.24",2017-11-04
"Nov 05 2017","7,382.0","7,370.9","7,595.0","7,272.0","46.29","0.18",2017-11-05
"Nov 06 2017","6,955.0","7,355.1","7,429.5","6,915.1","63.27","-5.78",2017-11-06
"Nov 07 2017","7,103.3","6,959.6","7,214.4","6,959.0","37.54","2.13",2017-11-07
"Nov 08 2017","7,442.4","7,102.0","7,895.0","7,029.9","97.30","4.77",2017-11-08
"Nov 09 2017","7,126.2","7,447.0","7,447.0","7,017.6","50.14","-4.25",2017-11-09
"Nov 10 2017","6,542.2","7,123.3","7,313.1","6,405.2","88.43","-8.20",2017-11-10
"Nov 11 2017","6,300.7","6,541.2","6,788.0","6,166.0","72.84","-3.69",2017-11-11
"Nov 12 2017","5,822.1","6,282.4","6,465.0","5,426.0","172.69","-7.60",2017-11-12
"Nov 13 2017","6,474.6","5,806.5","6,680.0","5,786.1","110.44","11.21",2017-11-13
"Nov 14 2017","6,579.2","6,476.5","6,687.8","6,315.4","49.52","1.62",2017-11-14
"Nov 15 2017","7,278.3","6,589.9","7,310.2","6,589.9","71.61","10.63",2017-11-15
"Nov 16 2017","7,864.2","7,273.7","8,012.9","7,099.9","85.88","8.05",2017-11-16
"Nov 17 2017","7,677.9","7,865.0","8,029.8","7,511.1","75.95","-2.37",2017-11-17
"Nov 18 2017","7,773.3","7,674.1","7,867.0","7,419.5","40.70","1.24",2017-11-18
"Nov 19 2017","8,054.2","7,770.6","8,126.9","7,652.0","39.13","3.61",2017-11-19
"Nov 20 2017","8,245.1","8,052.8","8,310.2","7,943.4","38.28","2.37",2017-11-20
"Nov 21 2017","8,097.3","8,245.1","8,380.0","7,790.0","71.85","-1.79",2017-11-21
"Nov 22 2017","8,230.1","8,097.3","8,310.0","8,064.3","28.86","1.64",2017-11-22
"Nov 23 2017","7,977.1","8,230.0","8,267.6","7,977.1","32.10","-3.07",2017-11-23
"Nov 24 2017","8,191.6","7,977.0","8,350.7","7,873.0","42.85","2.69",2017-11-24
"Nov 25 2017","8,766.2","8,191.6","8,770.0","8,132.9","44.25","7.01",2017-11-25
"Nov 26 2017","9,316.0","8,791.0","9,495.0","8,769.2","67.57","6.27",2017-11-26
"Nov 27 2017","9,728.8","9,303.9","9,760.7","9,268.9","66.66","4.43",2017-11-27
"Nov 28 2017","9,898.0","9,727.1","9,977.8","9,608.3","47.11","1.74",2017-11-28
"Nov 29 2017","9,749.4","9,891.9","11,427.2","9,001.1","182.74","-1.50",2017-11-29
"Nov 30 2017","9,907.0","9,771.9","10,540.0","8,821.0","129.07","1.62",2017-11-30
"Dec 01 2017","10,869.0","9,907.0","10,949.0","9,370.1","84.14","9.71",NA
"Dec 02 2017","10,881.0","10,852.0","11,187.0","10,627.0","49.71","0.11",NA
"Dec 03 2017","11,157.0","10,880.0","11,842.0","10,299.0","93.06","2.54",NA
"Dec 04 2017","11,595.0","11,162.0","11,598.0","10,788.0","63.74","3.93",NA
"Dec 05 2017","11,595.0","11,611.0","11,949.0","11,414.0","48.94","0.00",NA
"Dec 06 2017","13,527.0","11,590.0","13,598.0","11,590.0","83.59","16.66",NA
"Dec 07 2017","16,601.0","13,500.0","16,639.0","13,154.0","141.26","22.72",NA
"Dec 08 2017","15,869.0","16,608.0","17,160.0","13,774.0","124.11","-4.41",NA
"Dec 09 2017","14,660.0","15,829.0","16,300.0","13,021.0","77.82","-7.62",NA
"Dec 10 2017","14,997.0","14,660.0","15,728.0","12,748.0","107.05","2.30",NA
"Dec 11 2017","16,754.0","14,937.0","17,443.0","14,937.0","78.09","11.72",NA
"Dec 12 2017","16,967.0","16,754.0","17,500.0","16,234.0","52.09","1.27",NA
"Dec 13 2017","16,181.0","17,010.0","17,288.0","15,674.0","62.88","-4.63",NA
"Dec 14 2017","16,383.0","16,122.0","16,999.0","15,870.0","45.72","1.25",NA
"Dec 15 2017","17,522.0","16,396.0","18,098.0","16,352.0","63.11","6.95",NA
"Dec 16 2017","19,187.0","17,569.5","19,548.0","17,098.0","48.27","9.50",NA
"Dec 17 2017","18,971.0","19,210.0","19,891.0","18,622.0","51.80","-1.13",NA
"Dec 18 2017","18,934.0","18,959.0","19,171.0","18,010.0","53.58","-0.20",NA
"Dec 19 2017","17,345.0","18,931.0","18,987.0","16,500.0","66.65","-8.39",NA
"Dec 20 2017","16,425.0","17,340.0","17,709.0","15,500.0","82.16","-5.30",NA
"Dec 21 2017","15,666.8","16,433.0","17,333.0","14,827.0","65.58","-4.62",NA
"Dec 22 2017","13,170.0","15,650.0","15,826.0","10,718.0","179.00","-15.94",NA
"Dec 23 2017","14,035.0","13,173.0","14,986.0","12,755.0","59.92","6.57",NA
"Dec 24 2017","13,476.0","14,036.0","14,047.0","11,601.2","72.38","-3.98",NA
"Dec 25 2017","13,623.0","13,517.0","14,278.0","12,678.0","45.61","1.09",NA
"Dec 26 2017","15,679.0","13,627.0","16,048.0","13,550.0","63.44","15.09",NA
"Dec 27 2017","15,374.0","15,680.0","16,494.0","14,463.0","54.99","-1.95",NA
"Dec 28 2017","14,315.0","15,374.0","15,467.0","13,232.0","72.89","-6.89",NA
"Dec 29 2017","14,317.0","14,323.0","15,105.0","13,847.0","48.01","0.01",NA
"Dec 30 2017","12,377.0","14,308.0","14,403.0","11,690.0","75.43","-13.55",NA
"Dec 31 2017","13,800.0","12,385.0","14,140.0","12,183.9","43.29","11.50",NA
"Jan 01 2018","13,354.0","13,794.0","13,893.0","12,787.0","29.54","-3.23",2018-01-01
"Jan 02 2018","14,709.8","13,448.0","15,300.0","12,810.0","56.18","10.15",2018-01-02
"Jan 03 2018","15,155.0","14,713.0","15,428.0","14,522.0","38.35","3.03",2018-01-03
"Jan 04 2018","15,160.0","15,150.0","15,390.0","14,064.0","46.47","0.03",2018-01-04
"Jan 05 2018","16,917.0","15,159.0","17,101.0","14,769.0","54.63","11.59",2018-01-05
"Jan 06 2018","17,161.0","16,911.0","17,252.0","16,251.0","29.61","1.44",2018-01-06
"Jan 07 2018","16,196.0","17,163.0","17,176.0","15,726.0","30.84","-5.62",2018-01-07
"Jan 08 2018","14,930.0","16,216.0","16,279.0","13,760.0","64.95","-7.82",2018-01-08
"Jan 09 2018","14,423.0","14,902.0","15,355.0","14,122.0","43.44","-3.40",2018-01-09
"Jan 10 2018","14,896.0","14,426.0","14,896.0","13,338.0","57.33","3.28",2018-01-10
"Jan 11 2018","13,266.0","14,895.0","14,949.8","12,639.0","71.70","-10.94",2018-01-11
"Jan 12 2018","13,783.0","13,248.0","14,095.0","12,778.0","37.42","3.90",2018-01-12
"Jan 13 2018","14,191.0","13,794.0","14,580.0","13,760.0","29.01","2.96",2018-01-13
"Jan 14 2018","13,558.0","14,190.0","14,391.0","12,874.3","35.60","-4.46",2018-01-14
"Jan 15 2018","13,575.0","13,558.0","14,350.0","13,307.0","33.46","0.13",2018-01-15
"Jan 16 2018","11,072.0","13,594.0","13,604.0","9,949.4","131.86","-18.44",2018-01-16
"Jan 17 2018","11,082.0","11,059.0","11,490.0","9,231.1","132.23","0.09",2018-01-17
"Jan 18 2018","11,045.0","11,101.0","11,881.0","10,515.0","85.24","-0.33",2018-01-18
"Jan 19 2018","11,476.0","11,036.0","11,879.0","10,649.0","48.55","3.90",2018-01-19
"Jan 20 2018","12,728.0","11,462.0","13,002.0","11,425.0","46.30","10.91",2018-01-20
"Jan 21 2018","11,514.0","12,732.0","12,732.0","11,020.0","53.62","-9.54",2018-01-21
"Jan 22 2018","10,771.0","11,519.0","11,886.0","10,009.0","66.35","-6.45",2018-01-22
"Jan 23 2018","10,819.0","10,770.0","11,383.0","9,901.1","63.85","0.45",2018-01-23
"Jan 24 2018","11,414.0","10,811.0","11,529.0","10,454.0","43.82","5.50",2018-01-24
"Jan 25 2018","11,146.0","11,402.0","11,723.0","10,857.0","34.44","-2.35",2018-01-25
"Jan 26 2018","11,070.0","11,144.0","11,647.0","10,298.0","56.75","-0.68",2018-01-26
"Jan 27 2018","11,461.0","11,068.0","11,683.0","10,822.0","34.40","3.53",2018-01-27
"Jan 28 2018","11,839.0","11,455.1","12,181.0","11,398.0","29.62","3.30",2018-01-28
"Jan 29 2018","11,212.0","11,836.0","11,957.0","11,074.0","25.65","-5.30",2018-01-29
"Jan 30 2018","10,175.0","11,215.0","11,250.0","9,864.9","61.28","-9.25",2018-01-30
"Jan 31 2018","10,284.0","10,170.0","10,411.0","9,761.0","43.23","1.07",2018-01-31
"Feb 01 2018","9,181.1","10,278.0","10,311.0","8,941.0","78.78","-10.72",NA
"Feb 02 2018","8,895.8","9,181.0","9,201.0","7,972.2","123.34","-3.11",NA
"Feb 03 2018","9,219.4","8,887.1","9,495.0","8,189.6","51.91","3.64",NA
"Feb 04 2018","8,200.0","9,225.1","9,403.3","7,840.0","74.42","-11.06",NA
"Feb 05 2018","6,949.9","8,185.2","8,378.0","6,658.8","131.29","-15.25",NA
"Feb 06 2018","7,673.8","6,946.6","7,860.0","6,000.0","192.76","10.42",NA
"Feb 07 2018","7,587.0","7,679.4","8,488.2","7,175.1","106.70","-1.13",NA
"Feb 08 2018","8,235.1","7,585.0","8,648.8","7,579.6","77.62","8.54",NA
"Feb 09 2018","8,683.2","8,240.0","8,748.0","7,734.7","63.03","5.44",NA
"Feb 10 2018","8,563.1","8,678.1","9,074.3","8,152.1","68.15","-1.38",NA
"Feb 11 2018","8,069.0","8,563.0","8,569.0","7,851.0","52.21","-5.77",NA
"Feb 12 2018","8,900.6","8,070.0","9,000.0","8,070.0","51.40","10.31",NA
"Feb 13 2018","8,515.9","8,902.9","8,952.8","8,339.7","39.51","-4.32",NA
"Feb 14 2018","9,455.4","8,515.9","9,488.0","8,512.6","50.36","11.03",NA
"Feb 15 2018","9,996.9","9,454.3","10,175.0","9,338.8","67.53","5.73",NA
"Feb 16 2018","10,162.0","9,996.0","10,270.0","9,674.9","43.89","1.65",NA
"Feb 17 2018","11,053.5","10,161.0","11,083.0","10,050.0","52.80","8.77",NA
"Feb 18 2018","10,372.0","11,062.0","11,250.0","10,122.0","69.83","-6.17",NA
"Feb 19 2018","11,173.0","10,398.0","11,250.0","10,308.0","50.74","7.72",NA
"Feb 20 2018","11,218.0","11,172.0","11,776.0","11,101.0","60.92","0.40",NA
"Feb 21 2018","10,455.0","11,216.0","11,239.0","10,200.0","76.96","-6.80",NA
"Feb 22 2018","9,830.0","10,453.2","10,912.0","9,740.0","71.23","-5.98",NA
"Feb 23 2018","10,145.0","9,826.5","10,395.0","9,583.9","59.07","3.20",NA
"Feb 24 2018","9,666.3","10,144.0","10,499.0","9,350.3","55.70","-4.72",NA
"Feb 25 2018","9,557.4","9,666.3","9,840.0","9,284.3","30.52","-1.13",NA
"Feb 26 2018","10,321.0","9,583.0","10,437.0","9,359.9","45.94","7.99",NA
"Feb 27 2018","10,569.0","10,320.0","10,880.0","10,133.0","39.72","2.40",NA
"Feb 28 2018","10,315.0","10,583.0","11,063.0","10,270.0","43.89","-2.40",NA
"Mar 01 2018","10,925.0","10,316.0","11,087.0","10,224.0","33.87","5.91",2018-03-01
"Mar 02 2018","11,025.0","10,908.0","11,189.0","10,766.0","28.86","0.92",2018-03-02
"Mar 03 2018","11,440.0","11,024.0","11,526.0","11,024.0","30.65","3.76",2018-03-03
"Mar 04 2018","11,501.0","11,454.0","11,544.0","11,061.0","28.07","0.53",2018-03-04
"Mar 05 2018","11,416.0","11,497.0","11,696.0","11,390.0","27.56","-0.74",2018-03-05
"Mar 06 2018","10,720.0","11,403.0","11,403.0","10,578.0","44.24","-6.10",2018-03-06
"Mar 07 2018","9,902.9","10,779.0","10,899.0","9,422.1","75.22","-7.62",2018-03-07
"Mar 08 2018","9,300.0","9,910.7","10,109.0","9,037.0","67.75","-6.09",2018-03-08
"Mar 09 2018","9,217.0","9,301.9","9,420.5","8,351.0","98.20","-0.89",2018-03-09
"Mar 10 2018","8,762.0","9,216.2","9,500.0","8,691.1","52.54","-4.94",2018-03-10
"Mar 11 2018","9,528.0","8,764.4","9,726.1","8,429.0","70.48","8.74",2018-03-11
"Mar 12 2018","9,121.0","9,528.0","9,894.7","8,776.8","67.58","-4.27",2018-03-12
"Mar 13 2018","9,135.0","9,130.2","9,479.0","8,827.7","61.54","0.15",2018-03-13
"Mar 14 2018","8,186.6","9,135.2","9,400.1","7,923.8","78.81","-10.38",2018-03-14
"Mar 15 2018","8,252.9","8,181.3","8,416.7","7,666.3","82.58","0.81",2018-03-15
"Mar 16 2018","8,251.0","8,250.1","8,602.7","7,903.2","56.34","-0.02",2018-03-16
"Mar 17 2018","7,851.0","8,250.0","8,350.1","7,729.5","48.97","-4.85",2018-03-17
"Mar 18 2018","8,200.2","7,832.0","8,285.6","7,240.0","88.92","4.45",2018-03-18
"Mar 19 2018","8,600.1","8,209.0","8,689.9","8,100.0","73.28","4.88",2018-03-19
"Mar 20 2018","8,899.7","8,600.2","9,025.0","8,309.6","54.28","3.48",2018-03-20
"Mar 21 2018","8,900.1","8,899.8","9,175.2","8,755.7","42.86","0.00",2018-03-21
"Mar 22 2018","8,706.4","8,888.6","9,088.0","8,453.1","54.42","-2.18",2018-03-22
"Mar 23 2018","8,908.0","8,703.8","8,910.0","8,272.8","44.91","2.32",2018-03-23
"Mar 24 2018","8,535.0","8,911.4","9,040.2","8,463.0","44.21","-4.19",2018-03-24
"Mar 25 2018","8,445.1","8,525.0","8,673.9","8,373.0","30.69","-1.05",2018-03-25
"Mar 26 2018","8,119.1","8,445.0","8,496.4","7,839.1","56.38","-3.86",2018-03-26
"Mar 27 2018","7,784.5","8,128.0","8,209.0","7,727.0","50.41","-4.12",2018-03-27
"Mar 28 2018","7,936.1","7,784.5","8,118.0","7,725.0","35.08","1.95",2018-03-28
"Mar 29 2018","7,094.0","7,936.0","7,963.9","6,897.2","77.41","-10.61",2018-03-29
"Mar 30 2018","6,840.4","7,091.5","7,267.3","6,533.0","108.25","-3.57",2018-03-30
"Mar 31 2018","6,925.3","6,838.1","7,221.9","6,782.9","68.02","1.24",2018-03-31
"Apr 01 2018","6,810.0","6,925.4","7,035.1","6,432.4","54.90","-1.66",NA
"Apr 02 2018","7,052.7","6,813.1","7,121.4","6,770.2","44.01","3.56",NA
"Apr 03 2018","7,405.6","7,073.8","7,509.6","7,020.0","49.86","5.00",NA
"Apr 04 2018","6,785.9","7,403.3","7,422.0","6,670.0","53.72","-8.37",NA
"Apr 05 2018","6,765.0","6,785.8","6,911.0","6,571.9","45.85","-0.31",NA
"Apr 06 2018","6,610.2","6,767.2","6,851.5","6,501.1","42.14","-2.29",NA
"Apr 07 2018","6,892.6","6,610.0","7,075.4","6,599.9","40.61","4.27",NA
"Apr 08 2018","7,023.9","6,892.6","7,114.8","6,883.0","29.33","1.90",NA
"Apr 09 2018","6,764.6","7,024.0","7,187.4","6,611.0","75.96","-3.69",NA
"Apr 10 2018","6,839.3","6,770.9","6,890.6","6,650.0","26.15","1.10",NA
"Apr 11 2018","6,943.1","6,839.3","6,975.7","6,795.0","29.54","1.52",NA
"Apr 12 2018","7,912.0","6,944.0","8,083.7","6,761.3","94.57","13.95",NA
"Apr 13 2018","7,885.8","7,915.2","8,230.0","7,746.0","59.91","-0.33",NA
"Apr 14 2018","8,002.9","7,885.8","8,182.0","7,820.7","26.52","1.48",NA
"Apr 15 2018","8,354.1","8,003.0","8,426.3","7,997.2","31.90","4.39",NA
"Apr 16 2018","8,056.2","8,354.8","8,415.0","7,900.3","37.56","-3.57",NA
"Apr 17 2018","7,889.9","8,056.1","8,169.0","7,823.3","28.23","-2.06",NA
"Apr 18 2018","8,166.3","7,888.8","8,229.0","7,874.7","29.54","3.50",NA
"Apr 19 2018","8,272.8","8,166.4","8,296.8","8,099.9","29.21","1.30",NA
"Apr 20 2018","8,866.1","8,272.8","8,937.5","8,219.0","50.90","7.17",NA
"Apr 21 2018","8,919.1","8,865.4","9,029.0","8,618.9","39.56","0.60",NA
"Apr 22 2018","8,800.0","8,917.6","8,979.8","8,752.9","31.43","-1.34",NA
"Apr 23 2018","8,940.0","8,791.4","8,940.0","8,769.9","23.26","1.59",NA
"Apr 24 2018","9,644.4","8,940.2","9,737.9","8,929.9","60.35","7.88",NA
"Apr 25 2018","8,878.4","9,643.0","9,761.5","8,768.4","74.49","-7.94",NA
"Apr 26 2018","9,279.3","8,850.1","9,308.0","8,656.0","43.21","4.52",NA
"Apr 27 2018","8,920.1","9,269.7","9,381.1","8,902.8","30.15","-3.87",NA
"Apr 28 2018","9,345.3","8,911.0","9,436.0","8,845.0","45.08","4.77",NA
"Apr 29 2018","9,398.6","9,340.3","9,564.1","9,184.6","27.31","0.57",NA
"Apr 30 2018","9,240.0","9,400.0","9,450.0","9,110.7","23.26","-1.69",NA
"May 01 2018","9,067.0","9,240.7","9,240.7","8,829.1","25.59","-1.87",NA
"May 02 2018","9,236.4","9,069.1","9,279.8","8,979.6","20.18","1.87",NA
"May 03 2018","9,762.1","9,237.9","9,838.0","9,162.8","36.48","5.69",NA
"May 04 2018","9,702.8","9,759.0","9,811.9","9,557.0","24.54","-0.61",NA
"May 05 2018","9,859.6","9,702.9","9,990.0","9,685.9","29.51","1.62",NA
"May 06 2018","9,658.7","9,859.6","9,963.9","9,455.0","26.92","-2.04",NA
"May 07 2018","9,370.0","9,659.0","9,675.7","9,200.0","25.78","-2.99",NA
"May 08 2018","9,184.7","9,356.4","9,469.7","9,052.3","25.86","-1.98",NA
"May 09 2018","9,318.2","9,180.7","9,370.9","8,980.1","22.81","1.45",NA
"May 10 2018","9,018.7","9,320.0","9,390.0","9,003.0","23.62","-3.21",NA
"May 11 2018","8,412.4","9,015.2","9,015.2","8,341.8","54.49","-6.72",NA
"May 12 2018","8,462.7","8,419.5","8,631.6","8,204.5","36.66","0.60",NA
"May 13 2018","8,683.6","8,467.0","8,753.0","8,320.0","22.90","2.61",NA
"May 14 2018","8,670.8","8,683.8","8,882.4","8,279.5","37.15","-0.15",NA
"May 15 2018","8,467.5","8,668.5","8,838.0","8,420.7","26.21","-2.34",NA
"May 16 2018","8,336.1","8,467.0","8,488.7","8,103.6","32.76","-1.55",NA
"May 17 2018","8,051.8","8,349.7","8,466.9","7,986.8","25.19","-3.41",NA
"May 18 2018","8,239.0","8,054.8","8,276.6","7,927.8","23.44","2.32",NA
"May 19 2018","8,232.3","8,238.9","8,400.1","8,142.0","14.15","-0.08",NA
"May 20 2018","8,523.7","8,230.9","8,580.0","8,171.5","15.50","3.54",NA
"May 21 2018","8,393.4","8,523.7","8,586.9","8,317.7","17.22","-1.53",NA
"May 22 2018","7,977.3","8,399.6","8,406.5","7,947.2","20.53","-4.96",NA
"May 23 2018","7,494.8","7,978.0","8,020.0","7,442.1","41.68","-6.05",NA
"May 24 2018","7,576.7","7,503.3","7,718.0","7,260.9","38.86","1.09",NA
"May 25 2018","7,458.0","7,576.0","7,654.1","7,323.1","25.87","-1.57",NA
"May 26 2018","7,330.3","7,456.7","7,621.7","7,286.1","13.81","-1.71",NA
"May 27 2018","7,339.7","7,330.8","7,411.5","7,220.1","16.17","0.13",NA
"May 28 2018","7,097.9","7,339.6","7,434.8","7,062.4","26.68","-3.29",NA
"May 29 2018","7,460.0","7,104.0","7,527.9","7,048.6","27.90","5.10",NA
"May 30 2018","7,375.1","7,465.3","7,557.5","7,279.6","22.08","-1.14",NA
"May 31 2018","7,485.8","7,375.1","7,599.7","7,338.0","19.46","1.50",NA
"Jun 01 2018","7,521.0","7,485.9","7,599.8","7,344.8","19.04","0.47",2018-06-01
"Jun 02 2018","7,638.1","7,521.1","7,691.2","7,445.5","17.36","1.56",2018-06-02
"Jun 03 2018","7,718.0","7,639.0","7,777.4","7,600.0","13.80","1.05",2018-06-03
"Jun 04 2018","7,488.3","7,718.0","7,761.5","7,457.5","18.13","-2.98",2018-06-04
"Jun 05 2018","7,621.7","7,487.9","7,669.0","7,372.9","16.84","1.78",2018-06-05
"Jun 06 2018","7,654.0","7,621.9","7,698.0","7,495.2","18.27","0.42",2018-06-06
"Jun 07 2018","7,688.9","7,653.9","7,756.1","7,645.8","11.04","0.46",2018-06-07
"Jun 08 2018","7,615.1","7,685.7","7,697.0","7,544.0","12.20","-0.96",2018-06-08
"Jun 09 2018","7,498.6","7,615.2","7,684.9","7,467.7","7.22","-1.53",2018-06-09
"Jun 10 2018","6,757.3","7,498.1","7,498.1","6,633.9","57.82","-9.89",2018-06-10
"Jun 11 2018","6,873.3","6,757.3","6,897.0","6,631.0","22.38","1.72",2018-06-11
"Jun 12 2018","6,543.9","6,873.2","6,873.2","6,441.0","32.01","-4.79",2018-06-12
"Jun 13 2018","6,295.2","6,543.1","6,611.7","6,125.7","45.58","-3.80",2018-06-13
"Jun 14 2018","6,633.7","6,295.1","6,703.4","6,269.5","33.06","5.38",2018-06-14
"Jun 15 2018","6,385.0","6,638.0","6,655.5","6,360.3","21.29","-3.75",2018-06-15
"Jun 16 2018","6,485.9","6,386.2","6,557.2","6,330.0","13.70","1.58",2018-06-16
"Jun 17 2018","6,435.7","6,491.0","6,573.0","6,426.9","9.44","-0.77",2018-06-17
"Jun 18 2018","6,709.2","6,443.5","6,826.8","6,378.6","26.37","4.25",2018-06-18
"Jun 19 2018","6,737.5","6,711.6","6,832.9","6,666.2","17.38","0.42",2018-06-19
"Jun 20 2018","6,760.4","6,732.7","6,818.2","6,560.0","18.71","0.34",2018-06-20
"Jun 21 2018","6,713.5","6,760.0","6,787.1","6,680.1","10.65","-0.69",2018-06-21
"Jun 22 2018","6,042.6","6,715.2","6,730.7","5,929.1","55.25","-9.99",2018-06-22
"Jun 23 2018","6,152.0","6,041.0","6,253.9","6,014.0","20.70","1.81",2018-06-23
"Jun 24 2018","6,148.0","6,151.9","6,249.7","5,762.9","45.50","-0.06",2018-06-24
"Jun 25 2018","6,246.6","6,146.1","6,334.2","6,082.1","27.91","1.60",2018-06-25
"Jun 26 2018","6,078.5","6,250.8","6,273.7","6,050.2","18.83","-2.69",2018-06-26
"Jun 27 2018","6,133.1","6,073.5","6,181.4","5,989.0","18.27","0.90",2018-06-27
"Jun 28 2018","5,850.0","6,133.1","6,167.7","5,829.9","17.94","-4.62",2018-06-28
"Jun 29 2018","6,208.1","5,848.1","6,273.0","5,782.9","33.93","6.12",2018-06-29
"Jun 30 2018","6,391.5","6,208.2","6,518.1","6,195.8","23.86","2.95",2018-06-30
"Jul 01 2018","6,349.7","6,391.5","6,435.0","6,260.2","11.38","-0.65",2018-07-01
"Jul 02 2018","6,581.3","6,617.6","6,672.4","6,539.0","26.92","3.65",2018-07-02
"Jul 03 2018","6,500.0","6,617.6","6,672.4","6,470.5","17.26","-1.24",2018-07-03
"Jul 04 2018","6,590.0","6,509.0","6,778.3","6,418.7","22.49","1.38",2018-07-04
"Jul 05 2018","6,540.2","6,589.9","6,697.7","6,452.0","23.13","-0.76",2018-07-05
"Jul 06 2018","6,602.1","6,531.6","6,636.9","6,452.9","14.95","0.95",2018-07-06
"Jul 07 2018","6,761.7","6,602.2","6,826.1","6,511.5","15.29","2.42",2018-07-07
"Jul 08 2018","6,707.0","6,761.8","6,790.8","6,669.1","13.71","-0.81",2018-07-08
"Jul 09 2018","6,666.7","6,705.9","6,820.0","6,617.1","16.30","-0.60",2018-07-09
"Jul 10 2018","6,301.5","6,666.9","6,680.1","6,269.3","28.02","-5.48",2018-07-10
"Jul 11 2018","6,377.8","6,299.0","6,402.8","6,287.7","16.41","1.21",2018-07-11
"Jul 12 2018","6,249.0","6,377.7","6,377.7","6,080.8","24.98","-2.02",2018-07-12
"Jul 13 2018","6,220.0","6,240.6","6,335.1","6,133.4","20.09","-0.46",2018-07-13
"Jul 14 2018","6,250.1","6,219.7","6,320.0","6,179.3","8.90","0.48",2018-07-14
"Jul 15 2018","6,347.2","6,250.0","6,388.9","6,232.3","10.99","1.55",2018-07-15
"Jul 16 2018","6,729.2","6,347.7","6,750.0","6,328.9","31.00","6.02",2018-07-16
"Jul 17 2018","7,319.8","6,734.3","7,462.9","6,667.4","48.12","8.78",2018-07-17
"Jul 18 2018","7,379.4","7,320.0","7,586.5","7,249.9","39.62","0.81",2018-07-18
"Jul 19 2018","7,473.5","7,379.8","7,559.9","7,282.9","22.19","1.28",2018-07-19
"Jul 20 2018","7,333.1","7,473.6","7,681.0","7,278.2","32.74","-1.88",2018-07-20
"Jul 21 2018","7,403.3","7,333.0","7,458.0","7,221.0","11.41","0.96",2018-07-21
"Jul 22 2018","7,400.5","7,403.4","7,572.7","7,338.9","17.17","-0.04",2018-07-22
"Jul 23 2018","7,719.8","7,397.7","7,800.7","7,374.1","47.52","4.31",2018-07-23
"Jul 24 2018","8,394.5","7,719.8","8,500.2","7,692.3","64.68","8.74",2018-07-24
"Jul 25 2018","8,176.0","8,380.0","8,485.7","8,073.0","36.97","-2.60",2018-07-25
"Jul 26 2018","7,939.0","8,178.4","8,313.1","7,869.8","32.78","-2.90",2018-07-26
"Jul 27 2018","8,185.7","7,933.5","8,280.3","7,815.1","34.22","3.11",2018-07-27
"Jul 28 2018","8,246.4","8,188.0","8,246.4","8,073.9","13.66","0.74",2018-07-28
"Jul 29 2018","8,221.0","8,235.7","8,293.9","8,123.0","10.19","-0.31",2018-07-29
"Jul 30 2018","8,179.6","8,218.5","8,274.2","7,862.9","37.58","-0.50",2018-07-30
"Jul 31 2018","7,730.6","8,179.5","8,179.5","7,670.0","43.55","-5.49",2018-07-31
"Aug 01 2018","7,608.8","7,731.3","7,755.6","7,444.2","30.74","-1.58",NA
"Aug 02 2018","7,535.2","7,606.0","7,707.1","7,463.1","17.75","-0.97",NA
"Aug 03 2018","7,420.0","7,533.2","7,533.2","7,283.6","30.88","-1.53",NA
"Aug 04 2018","7,013.2","7,420.0","7,490.0","6,930.0","31.72","-5.48",NA
"Aug 05 2018","7,025.8","7,013.2","7,089.7","6,890.2","17.68","0.18",NA
"Aug 06 2018","6,941.3","7,025.8","7,149.9","6,847.0","18.12","-1.20",NA
"Aug 07 2018","6,720.5","6,940.1","7,149.9","6,678.8","32.25","-3.18",NA
"Aug 08 2018","6,279.2","6,718.8","6,720.1","6,131.0","53.88","-6.57",NA
"Aug 09 2018","6,529.1","6,280.7","6,623.7","6,188.2","33.38","3.98",NA
"Aug 10 2018","6,146.8","6,533.6","6,573.6","6,014.5","43.50","-5.86",NA
"Aug 11 2018","6,232.7","6,147.0","6,485.7","6,008.2","37.12","1.40",NA
"Aug 12 2018","6,313.9","6,234.7","6,481.7","6,163.3","23.05","1.30",NA
"Aug 13 2018","6,251.9","6,312.2","6,541.8","6,150.0","32.33","-0.98",NA
"Aug 14 2018","6,189.0","6,241.3","6,244.0","5,879.3","52.70","-1.01",NA
"Aug 15 2018","6,270.1","6,188.6","6,623.8","6,181.1","66.22","1.31",NA
"Aug 16 2018","6,314.0","6,270.2","6,474.7","6,215.2","25.14","0.70",NA
"Aug 17 2018","6,583.3","6,312.0","6,588.7","6,290.2","26.76","4.27",NA
"Aug 18 2018","6,391.2","6,585.9","6,615.0","6,301.9","19.73","-2.92",NA
"Aug 19 2018","6,485.1","6,395.0","6,550.0","6,309.3","15.35","1.47",NA
"Aug 20 2018","6,255.9","6,485.1","6,520.6","6,230.2","31.72","-3.53",NA
"Aug 21 2018","6,479.1","6,255.2","6,500.0","6,245.0","29.50","3.57",NA
"Aug 22 2018","6,354.9","6,479.1","6,885.0","6,253.0","58.96","-1.92",NA
"Aug 23 2018","6,527.2","6,363.8","6,565.6","6,350.0","19.94","2.71",NA
"Aug 24 2018","6,695.9","6,530.5","6,728.3","6,462.7","20.20","2.58",NA
"Aug 25 2018","6,732.9","6,693.3","6,795.5","6,670.0","16.88","0.55",NA
"Aug 26 2018","6,708.4","6,732.8","6,784.1","6,574.5","16.75","-0.36",NA
"Aug 27 2018","6,909.5","6,707.0","6,911.6","6,653.5","24.21","3.00",NA
"Aug 28 2018","7,079.7","6,910.5","7,127.2","6,872.0","30.07","2.46",NA
"Aug 29 2018","7,045.7","7,079.9","7,133.6","6,931.6","19.83","-0.48",NA
"Aug 30 2018","6,994.7","7,037.9","7,060.0","6,802.4","24.58","-0.72",NA
"Aug 31 2018","7,025.9","6,986.1","7,084.0","6,889.0","19.38","0.45",NA
"Sep 01 2018","7,197.5","7,022.9","7,260.4","7,020.5","21.39","2.44",NA
"Sep 02 2018","7,290.4","7,197.5","7,367.0","7,137.2","44.68","1.29",NA
"Sep 03 2018","7,268.0","7,304.7","7,341.4","7,200.1","22.31","-0.31",NA
"Sep 04 2018","7,358.9","7,267.8","7,410.3","7,246.2","20.82","1.25",NA
"Sep 05 2018","6,710.5","7,357.3","7,400.0","6,700.0","55.65","-8.81",NA
"Sep 06 2018","6,515.6","6,705.0","6,720.8","6,310.3","53.00","-2.90",NA
"Sep 07 2018","6,404.1","6,516.1","6,532.9","6,322.8","20.74","-1.71",NA
"Sep 08 2018","6,185.0","6,404.2","6,475.1","6,130.3","21.85","-3.42",NA
"Sep 09 2018","6,239.9","6,184.9","6,427.6","6,142.2","16.46","0.89",NA
"Sep 10 2018","6,308.0","6,240.0","6,363.5","6,233.2","14.45","1.09",NA
"Sep 11 2018","6,290.8","6,332.1","6,397.1","6,178.1","16.61","-0.27",NA
"Sep 12 2018","6,332.0","6,290.9","6,355.0","6,203.1","16.08","0.65",NA
"Sep 13 2018","6,475.6","6,334.0","6,523.4","6,334.0","19.24","2.27",NA
"Sep 14 2018","6,485.0","6,495.0","6,593.0","6,355.6","16.37","0.15",NA
"Sep 15 2018","6,513.6","6,480.1","6,568.9","6,473.6","8.35","0.44",NA
"Sep 16 2018","6,498.5","6,512.8","6,517.8","6,384.5","8.73","-0.23",NA
"Sep 17 2018","6,254.2","6,506.1","6,532.8","6,205.1","23.54","-3.76",NA
"Sep 18 2018","6,342.8","6,243.0","6,384.0","6,229.2","15.93","1.42",NA
"Sep 19 2018","6,390.9","6,330.8","6,521.5","6,112.7","29.90","0.76",NA
"Sep 20 2018","6,500.5","6,392.8","6,535.0","6,357.2","16.67","1.71",NA
"Sep 21 2018","6,762.7","6,522.1","6,790.0","6,496.0","36.99","4.03",NA
"Sep 22 2018","6,723.0","6,789.8","6,840.0","6,643.6","18.26","-0.59",NA
"Sep 23 2018","6,710.0","6,723.1","6,783.3","6,664.2","8.51","-0.19",NA
"Sep 24 2018","6,585.0","6,697.8","6,721.7","6,555.1","17.76","-1.86",NA
"Sep 25 2018","6,434.7","6,585.1","6,585.1","6,350.2","20.21","-2.28",NA
"Sep 26 2018","6,462.4","6,442.8","6,552.7","6,385.8","13.81","0.43",NA
"Sep 27 2018","6,692.5","6,462.4","6,727.2","6,440.7","18.37","3.56",NA
"Sep 28 2018","6,635.1","6,691.2","6,825.0","6,545.1","27.89","-0.86",NA
"Sep 29 2018","6,604.6","6,627.3","6,631.2","6,466.0","17.30","-0.46",NA
"Sep 30 2018","6,618.1","6,590.0","6,656.5","6,533.3","8.49","0.20",NA
"Oct 01 2018","6,601.9","6,625.9","6,659.6","6,521.0","10.36","-0.24",NA
"Oct 02 2018","6,533.3","6,602.0","6,638.4","6,514.1","12.03","-1.04",NA
"Oct 03 2018","6,503.2","6,527.5","6,552.5","6,428.1","14.57","-0.46",NA
"Oct 04 2018","6,580.1","6,507.9","6,640.0","6,499.3","11.79","1.18",NA
"Oct 05 2018","6,644.7","6,594.3","6,666.9","6,548.0","12.43","0.98",NA
"Oct 06 2018","6,592.0","6,639.9","6,648.2","6,564.5","5.80","-0.79",NA
"Oct 07 2018","6,601.0","6,595.2","6,633.7","6,532.8","5.80","0.14",NA
"Oct 08 2018","6,673.2","6,617.0","6,718.4","6,585.9","12.70","1.09",NA
"Oct 09 2018","6,663.0","6,679.7","6,680.6","6,608.5","8.02","-0.15",NA
"Oct 10 2018","6,630.2","6,659.7","6,659.7","6,529.7","13.82","-0.49",NA
"Oct 11 2018","6,252.0","6,628.0","6,628.0","6,223.8","41.61","-5.70",NA
"Oct 12 2018","6,293.2","6,249.0","6,348.4","6,223.0","10.40","0.66",NA
"Oct 13 2018","6,326.5","6,288.6","6,331.4","6,288.6","5.82","0.53",NA
"Oct 14 2018","6,335.2","6,326.0","6,399.1","6,318.5","11.23","0.14",NA
"Oct 15 2018","6,742.0","6,322.7","7,704.2","6,300.0","85.00","6.42",NA
"Oct 16 2018","6,754.1","6,739.0","6,891.8","6,679.0","15.66","0.18",NA
"Oct 17 2018","6,737.1","6,754.2","6,792.7","6,681.3","8.88","-0.25",NA
"Oct 18 2018","6,613.0","6,736.4","6,778.2","6,567.5","12.53","-1.84",NA
"Oct 19 2018","6,527.3","6,609.6","6,630.2","6,519.9","11.20","-1.30",NA
"Oct 20 2018","6,586.7","6,517.0","6,609.7","6,511.3","4.61","0.91",NA
"Oct 21 2018","6,591.6","6,582.9","6,655.0","6,582.9","4.42","0.07",NA
"Oct 22 2018","6,567.2","6,587.4","6,627.6","6,549.1","6.05","-0.37",NA
"Oct 23 2018","6,550.0","6,567.2","6,584.3","6,525.4","8.86","-0.26",NA
"Oct 24 2018","6,554.1","6,550.0","6,623.0","6,543.2","8.49","0.06",NA
"Oct 25 2018","6,528.1","6,554.0","6,566.0","6,500.1","8.71","-0.40",NA
"Oct 26 2018","6,531.5","6,533.4","6,588.3","6,514.3","7.45","0.05",NA
"Oct 27 2018","6,500.2","6,534.9","6,553.9","6,480.1","6.97","-0.48",NA
"Oct 28 2018","6,490.1","6,498.4","6,510.1","6,456.3","6.84","-0.16",NA
"Oct 29 2018","6,344.0","6,490.2","6,505.0","6,320.9","19.56","-2.25",NA
"Oct 30 2018","6,330.1","6,347.1","6,380.0","6,313.2","10.73","-0.22",NA
"Oct 31 2018","6,368.4","6,330.1","6,406.4","6,248.2","9.96","0.60",NA
"Nov 01 2018","6,399.7","6,374.8","6,423.2","6,353.5","9.12","0.49",2018-11-01
"Nov 02 2018","6,426.9","6,407.1","6,454.8","6,391.6","8.07","0.43",2018-11-02
"Nov 03 2018","6,387.9","6,432.2","6,432.2","6,334.7","11.37","-0.61",2018-11-03
"Nov 04 2018","6,485.2","6,389.2","6,509.4","6,360.1","8.96","1.52",2018-11-04
"Nov 05 2018","6,470.1","6,495.2","6,495.2","6,439.4","4.81","-0.23",2018-11-05
"Nov 06 2018","6,515.2","6,475.0","6,515.3","6,447.8","7.25","0.70",2018-11-06
"Nov 07 2018","6,572.7","6,519.0","6,607.1","6,512.2","10.72","0.88",2018-11-07
"Nov 08 2018","6,479.6","6,573.0","6,585.0","6,477.0","11.58","-1.42",2018-11-08
"Nov 09 2018","6,420.2","6,479.5","6,502.9","6,392.6","10.45","-0.92",2018-11-09
"Nov 10 2018","6,431.1","6,414.5","6,461.7","6,414.5","3.25","0.17",2018-11-10
"Nov 11 2018","6,450.0","6,431.0","6,459.9","6,364.0","7.34","0.29",2018-11-11
"Nov 12 2018","6,446.9","6,481.0","6,481.0","6,418.8","7.30","-0.05",2018-11-12
"Nov 13 2018","6,464.4","6,447.0","6,497.5","6,403.5","10.12","0.27",2018-11-13
"Nov 14 2018","5,884.6","6,458.9","6,485.0","5,705.0","69.20","-8.97",2018-11-14
"Nov 15 2018","5,753.4","5,922.3","5,929.2","5,441.5","49.91","-2.23",2018-11-15
"Nov 16 2018","5,660.5","5,731.9","5,756.8","5,555.0","18.43","-1.61",2018-11-16
"Nov 17 2018","5,626.7","5,655.7","5,659.2","5,573.6","7.98","-0.60",2018-11-17
"Nov 18 2018","5,659.4","5,637.2","5,716.0","5,621.0","9.55","0.58",2018-11-18
"Nov 19 2018","4,938.1","5,650.3","5,650.3","4,890.9","74.15","-12.75",2018-11-19
"Nov 20 2018","4,600.1","4,944.9","5,048.0","4,318.1","117.22","-6.84",2018-11-20
"Nov 21 2018","4,666.6","4,572.8","4,773.4","4,429.9","44.38","1.45",2018-11-21
"Nov 22 2018","4,392.4","4,672.1","4,716.8","4,388.5","27.95","-5.88",2018-11-22
"Nov 23 2018","4,422.7","4,370.8","4,482.0","4,251.0","36.09","0.69",2018-11-23
"Nov 24 2018","3,929.8","4,422.8","4,515.2","3,834.7","50.98","-11.14",2018-11-24
"Nov 25 2018","4,087.8","3,934.9","4,211.3","3,663.0","82.18","4.02",2018-11-25
"Nov 26 2018","3,858.0","4,111.3","4,196.4","3,708.1","64.08","-5.62",2018-11-26
"Nov 27 2018","3,884.4","3,850.1","3,941.6","3,713.2","46.27","0.68",2018-11-27
"Nov 28 2018","4,306.3","3,902.3","4,439.6","3,889.9","65.26","10.86",2018-11-28
"Nov 29 2018","4,312.9","4,331.4","4,472.0","4,180.6","41.10","0.15",2018-11-29
"Nov 30 2018","4,038.3","4,323.3","4,357.4","3,966.2","42.38","-6.37",2018-11-30
"Dec 01 2018","4,243.0","4,043.6","4,339.0","3,978.8","27.50","5.07",NA
"Dec 02 2018","4,159.7","4,241.4","4,353.2","4,127.2","24.40","-1.96",NA
"Dec 03 2018","3,901.2","4,172.9","4,178.5","3,836.2","36.86","-6.21",NA
"Dec 04 2018","3,981.9","3,903.8","4,131.1","3,793.1","33.69","2.07",NA
"Dec 05 2018","3,765.3","3,982.2","4,000.1","3,751.1","28.43","-5.44",NA
"Dec 06 2018","3,531.3","3,770.5","3,908.0","3,506.0","58.22","-6.21",NA
"Dec 07 2018","3,460.0","3,528.6","3,624.8","3,278.4","74.08","-2.02",NA
"Dec 08 2018","3,506.0","3,460.0","3,784.8","3,316.2","39.08","1.33",NA
"Dec 09 2018","3,639.6","3,506.0","3,766.6","3,469.7","25.08","3.81",NA
"Dec 10 2018","3,524.9","3,642.1","3,697.9","3,475.8","22.60","-3.15",NA
"Dec 11 2018","3,435.3","3,523.5","3,549.6","3,384.0","24.05","-2.54",NA
"Dec 12 2018","3,535.6","3,435.3","3,611.2","3,415.1","20.93","2.92",NA
"Dec 13 2018","3,354.4","3,535.6","3,539.1","3,322.2","22.24","-5.13",NA
"Dec 14 2018","3,282.8","3,354.4","3,390.8","3,226.4","28.56","-2.13",NA
"Dec 15 2018","3,285.1","3,281.6","3,323.8","3,216.1","17.89","0.07",NA
"Dec 16 2018","3,299.9","3,282.2","3,380.3","3,278.0","19.10","0.45",NA
"Dec 17 2018","3,625.1","3,299.9","3,711.5","3,285.5","35.72","9.85",NA
"Dec 18 2018","3,780.1","3,625.0","3,780.9","3,551.0","29.43","4.28",NA
"Dec 19 2018","3,810.0","3,780.1","4,041.1","3,758.0","55.26","0.79",NA
"Dec 20 2018","4,214.5","3,810.0","4,275.7","3,788.6","65.87","10.62",NA
"Dec 21 2018","3,976.1","4,214.6","4,283.0","3,913.3","43.52","-5.66",NA
"Dec 22 2018","4,135.0","3,975.9","4,147.3","3,919.5","19.51","4.00",NA
"Dec 23 2018","4,075.7","4,135.0","4,210.0","4,036.8","24.47","-1.43",NA
"Dec 24 2018","4,145.2","4,071.7","4,384.0","4,069.0","38.00","1.71",NA
"Dec 25 2018","3,909.7","4,140.7","4,152.1","3,815.5","33.73","-5.68",NA
"Dec 26 2018","3,929.8","3,909.7","3,990.0","3,812.1","19.13","0.51",NA
"Dec 27 2018","3,714.7","3,930.0","3,954.9","3,688.0","23.61","-5.47",NA
"Dec 28 2018","4,036.7","3,712.0","4,094.9","3,696.3","26.92","8.67",NA
"Dec 29 2018","3,887.0","4,033.9","4,099.7","3,864.6","18.70","-3.71",NA
"Dec 30 2018","3,978.3","3,893.8","4,003.0","3,845.2","17.73","2.35",NA
"Dec 31 2018","3,830.5","3,976.7","3,986.9","3,779.5","15.79","-3.72",NA
"Jan 01 2019","3,963.0","3,832.6","3,981.9","3,788.4","13.85","3.46",2019-01-01
"Jan 02 2019","4,048.5","3,963.1","4,082.2","3,920.1","19.43","2.16",2019-01-02
"Jan 03 2019","3,923.2","4,049.9","4,055.1","3,882.0","10.92","-3.09",2019-01-03
"Jan 04 2019","3,954.9","3,923.2","3,985.8","3,853.3","13.23","0.81",2019-01-04
"Jan 05 2019","3,911.0","3,954.8","4,014.9","3,901.4","14.87","-1.11",2019-01-05
"Jan 06 2019","4,171.5","3,911.0","4,214.5","3,892.9","25.17","6.66",2019-01-06
"Jan 07 2019","4,113.9","4,170.9","4,196.9","4,078.5","11.32","-1.38",2019-01-07
"Jan 08 2019","4,100.0","4,113.9","4,210.0","4,056.2","18.72","-0.34",2019-01-08
"Jan 09 2019","4,083.2","4,100.0","4,165.5","4,036.0","20.63","-0.41",2019-01-09
"Jan 10 2019","3,712.8","4,083.3","4,136.1","3,687.2","35.02","-9.07",2019-01-10
"Jan 11 2019","3,716.1","3,712.8","3,777.4","3,666.6","13.13","0.09",2019-01-11
"Jan 12 2019","3,702.0","3,712.8","3,734.0","3,674.4","9.29","-0.38",2019-01-12
"Jan 13 2019","3,591.0","3,702.0","3,712.9","3,570.0","12.59","-3.00",2019-01-13
"Jan 14 2019","3,749.3","3,591.0","3,798.7","3,581.8","14.84","4.41",2019-01-14
"Jan 15 2019","3,656.5","3,749.3","3,769.5","3,625.1","13.32","-2.48",2019-01-15
"Jan 16 2019","3,671.2","3,657.0","3,750.0","3,642.9","13.23","0.40",2019-01-16
"Jan 17 2019","3,723.0","3,671.3","3,725.0","3,610.0","10.86","1.41",2019-01-17
"Jan 18 2019","3,675.7","3,722.5","3,723.9","3,652.4","5.65","-1.27",2019-01-18
"Jan 19 2019","3,760.0","3,674.1","3,858.5","3,673.9","13.39","2.29",2019-01-19
"Jan 20 2019","3,586.1","3,762.3","3,796.0","3,548.3","20.62","-4.62",2019-01-20
"Jan 21 2019","3,579.4","3,588.6","3,614.8","3,550.0","10.81","-0.19",2019-01-21
"Jan 22 2019","3,639.1","3,579.4","3,676.3","3,488.3","18.08","1.67",2019-01-22
"Jan 23 2019","3,619.9","3,639.0","3,677.0","3,591.2","7.97","-0.53",2019-01-23
"Jan 24 2019","3,652.6","3,621.7","3,670.0","3,589.9","7.87","0.90",2019-01-24
"Jan 25 2019","3,628.9","3,653.0","3,663.4","3,582.1","7.38","-0.65",2019-01-25
"Jan 26 2019","3,630.7","3,629.0","3,745.8","3,624.8","13.00","0.05",2019-01-26
"Jan 27 2019","3,597.1","3,630.7","3,642.5","3,544.0","11.45","-0.93",2019-01-27
"Jan 28 2019","3,501.9","3,597.1","3,597.9","3,450.3","17.02","-2.65",2019-01-28
"Jan 29 2019","3,477.9","3,501.1","3,512.5","3,427.2","10.47","-0.68",2019-01-29
"Jan 30 2019","3,529.6","3,478.0","3,548.0","3,451.5","12.58","1.49",2019-01-30
"Jan 31 2019","3,501.1","3,529.7","3,565.7","3,482.2","8.57","-0.81",2019-01-31
"Feb 01 2019","3,536.2","3,502.7","3,557.2","3,465.0","10.04","1.00",NA
"Feb 02 2019","3,564.3","3,534.8","3,575.4","3,500.8","10.89","0.79",NA
"Feb 03 2019","3,501.7","3,564.5","3,566.8","3,470.1","7.86","-1.76",NA
"Feb 04 2019","3,490.5","3,504.2","3,522.6","3,475.3","5.21","-0.32",NA
"Feb 05 2019","3,512.6","3,490.4","3,517.0","3,475.9","4.59","0.63",NA
"Feb 06 2019","3,452.0","3,512.6","3,521.0","3,417.6","13.16","-1.73",NA
"Feb 07 2019","3,436.1","3,451.9","3,462.3","3,429.3","4.80","-0.46",NA
"Feb 08 2019","3,724.0","3,439.0","3,799.6","3,427.8","31.15","8.38",NA
"Feb 09 2019","3,718.4","3,724.1","3,739.1","3,688.8","6.74","-0.15",NA
"Feb 10 2019","3,746.3","3,718.3","3,753.5","3,667.1","9.97","0.75",NA
"Feb 11 2019","3,681.1","3,749.7","3,749.7","3,672.0","7.80","-1.74",NA
"Feb 12 2019","3,694.2","3,681.0","3,728.0","3,645.3","11.34","0.36",NA
"Feb 13 2019","3,666.1","3,694.1","3,735.4","3,650.4","11.76","-0.76",NA
"Feb 14 2019","3,656.7","3,665.5","3,681.1","3,641.1","7.53","-0.26",NA
"Feb 15 2019","3,670.0","3,656.7","3,716.3","3,644.5","7.81","0.36",NA
"Feb 16 2019","3,676.4","3,670.1","3,724.9","3,666.0","7.52","0.18",NA
"Feb 17 2019","3,734.5","3,676.5","3,788.8","3,668.9","14.07","1.58",NA
"Feb 18 2019","3,978.1","3,734.5","4,019.9","3,723.9","37.62","6.52",NA
"Feb 19 2019","3,989.9","3,978.4","4,081.4","3,943.4","24.30","0.30",NA
"Feb 20 2019","4,055.0","3,989.9","4,070.0","3,969.2","15.25","1.63",NA
"Feb 21 2019","4,008.8","4,053.7","4,122.0","3,975.3","15.48","-1.14",NA
"Feb 22 2019","4,058.3","4,008.8","4,074.0","3,991.3","14.21","1.23",NA
"Feb 23 2019","4,211.7","4,058.2","4,255.0","4,014.5","21.53","3.78",NA
"Feb 24 2019","3,832.0","4,212.2","4,282.4","3,812.0","36.09","-9.02",NA
"Feb 25 2019","3,921.8","3,825.0","3,965.0","3,825.0","10.41","2.34",NA
"Feb 26 2019","3,896.8","3,919.3","3,934.1","3,870.4","5.11","-0.64",NA
"Feb 27 2019","3,902.7","3,896.8","3,934.0","3,767.0","12.03","0.15",NA
"Feb 28 2019","3,894.0","3,900.1","3,988.0","3,875.0","12.10","-0.22",NA
"Mar 01 2019","3,914.0","3,894.0","3,948.7","3,893.0","4.76","0.51",2019-03-01
"Mar 02 2019","3,913.0","3,915.0","3,924.0","3,850.0","5.11","-0.03",2019-03-02
"Mar 03 2019","3,884.8","3,913.0","3,923.4","3,856.7","2.88","-0.72",2019-03-03
"Mar 04 2019","3,800.0","3,884.8","3,908.1","3,767.1","10.18","-2.18",2019-03-04
"Mar 05 2019","3,951.6","3,800.0","3,966.9","3,786.2","10.80","3.99",2019-03-05
"Mar 06 2019","3,951.4","3,951.6","3,984.1","3,912.4","6.59","-0.01",2019-03-06
"Mar 07 2019","3,964.7","3,951.5","3,989.6","3,935.7","7.64","0.34",2019-03-07
"Mar 08 2019","3,940.5","3,964.7","4,020.9","3,863.7","9.36","-0.61",2019-03-08
"Mar 09 2019","4,017.3","3,940.5","4,046.2","3,933.9","7.38","1.95",2019-03-09
"Mar 10 2019","4,000.0","4,017.3","4,017.3","3,961.8","4.67","-0.43",2019-03-10
"Mar 11 2019","3,949.0","4,000.0","4,009.2","3,920.7","6.61","-1.28",2019-03-11
"Mar 12 2019","3,954.1","3,950.7","3,979.5","3,895.2","7.63","0.13",2019-03-12
"Mar 13 2019","3,947.9","3,954.9","3,972.1","3,925.1","5.51","-0.16",2019-03-13
"Mar 14 2019","3,948.3","3,946.2","4,000.1","3,882.8","8.30","0.01",2019-03-14
"Mar 15 2019","4,003.1","3,948.3","4,011.0","3,948.3","6.72","1.39",2019-03-15
"Mar 16 2019","4,088.0","4,003.1","4,152.7","4,003.1","13.94","2.12",2019-03-16
"Mar 17 2019","4,068.9","4,088.0","4,088.3","4,041.1","3.38","-0.47",2019-03-17
"Mar 18 2019","4,073.5","4,069.0","4,119.9","4,035.6","3.68","0.11",2019-03-18
"Mar 19 2019","4,104.7","4,073.7","4,118.0","4,056.6","5.55","0.77",2019-03-19
"Mar 20 2019","4,127.2","4,104.6","4,136.2","4,073.9","7.82","0.55",2019-03-20
"Mar 21 2019","4,044.8","4,127.2","4,138.7","4,005.2","11.82","-2.00",2019-03-21
"Mar 22 2019","4,045.3","4,044.8","4,064.6","4,035.1","4.84","0.01",2019-03-22
"Mar 23 2019","4,063.2","4,045.2","4,076.3","4,038.5","4.37","0.44",2019-03-23
"Mar 24 2019","4,041.4","4,063.0","4,063.2","4,011.5","3.36","-0.54",2019-03-24
"Mar 25 2019","3,970.0","4,041.4","4,049.9","3,939.1","6.70","-1.77",2019-03-25
"Mar 26 2019","3,991.7","3,970.0","3,994.8","3,951.0","5.09","0.55",2019-03-26
"Mar 27 2019","4,102.5","3,992.7","4,109.6","3,979.6","7.93","2.78",2019-03-27
"Mar 28 2019","4,092.6","4,102.7","4,104.0","4,066.4","6.22","-0.24",2019-03-28
"Mar 29 2019","4,179.0","4,092.6","4,188.0","4,084.7","8.65","2.11",2019-03-29
"Mar 30 2019","4,165.1","4,179.1","4,210.0","4,117.2","6.63","-0.33",2019-03-30
"Mar 31 2019","4,167.6","4,165.1","4,181.4","4,153.1","2.27","0.06",2019-03-31
"Apr 01 2019","4,196.8","4,167.5","4,220.8","4,127.2","7.01","0.70",NA
"Apr 02 2019","4,927.1","4,196.9","5,079.4","4,189.7","54.14","17.40",NA
"Apr 03 2019","4,978.0","4,929.3","5,330.1","4,849.1","44.28","1.03",NA
"Apr 04 2019","4,938.9","4,976.9","5,099.9","4,834.0","15.42","-0.79",NA
"Apr 05 2019","5,080.4","4,939.3","5,130.0","4,930.1","11.36","2.87",NA
"Apr 06 2019","5,090.5","5,080.4","5,280.0","4,968.1","14.20","0.20",NA
"Apr 07 2019","5,238.1","5,091.1","5,313.1","5,075.0","9.95","2.90",NA
"Apr 08 2019","5,312.5","5,238.9","5,361.7","5,148.5","17.82","1.42",NA
"Apr 09 2019","5,216.3","5,312.4","5,312.5","5,173.5","11.90","-1.81",NA
"Apr 10 2019","5,311.7","5,213.0","5,487.4","5,200.5","15.78","1.83",NA
"Apr 11 2019","5,065.8","5,315.5","5,340.0","5,001.1","19.39","-4.63",NA
"Apr 12 2019","5,114.0","5,059.0","5,134.9","4,935.2","9.22","0.95",NA
"Apr 13 2019","5,101.8","5,114.1","5,160.8","5,075.3","5.21","-0.24",NA
"Apr 14 2019","5,194.3","5,103.7","5,209.0","5,064.2","4.15","1.81",NA
"Apr 15 2019","5,049.2","5,190.1","5,217.1","5,000.7","9.52","-2.79",NA
"Apr 16 2019","5,234.3","5,042.8","5,256.2","5,030.0","8.38","3.67",NA
"Apr 17 2019","5,254.5","5,234.3","5,291.1","5,224.7","9.28","0.39",NA
"Apr 18 2019","5,310.8","5,254.5","5,339.3","5,254.0","9.04","1.07",NA
"Apr 19 2019","5,314.0","5,310.8","5,371.1","5,225.0","6.31","0.06",NA
"Apr 20 2019","5,340.0","5,314.1","5,375.6","5,289.2","6.48","0.49",NA
"Apr 21 2019","5,321.9","5,340.1","5,366.1","5,259.4","6.15","-0.34",NA
"Apr 22 2019","5,417.8","5,320.3","5,447.5","5,276.5","11.95","1.80",NA
"Apr 23 2019","5,550.9","5,417.8","5,645.0","5,395.2","18.76","2.46",NA
"Apr 24 2019","5,480.3","5,547.1","5,647.4","5,415.0","16.53","-1.27",NA
"Apr 25 2019","5,219.0","5,479.6","5,556.8","5,065.2","21.49","-4.77",NA
"Apr 26 2019","5,410.8","5,215.6","5,517.1","5,174.1","21.53","3.68",NA
"Apr 27 2019","5,401.8","5,410.9","5,456.9","5,355.4","4.57","-0.17",NA
"Apr 28 2019","5,486.8","5,400.6","5,542.2","5,400.6","7.76","1.57",NA
"Apr 29 2019","5,480.1","5,486.8","5,515.2","5,370.3","7.81","-0.12",NA
"Apr 30 2019","5,599.5","5,480.0","5,612.0","5,454.9","7.44","2.18",NA
"May 01 2019","5,629.6","5,599.6","5,655.0","5,585.5","5.53","0.54",NA
"May 02 2019","5,723.8","5,629.5","5,779.8","5,618.0","11.06","1.67",NA
"May 03 2019","6,016.0","5,729.6","6,139.9","5,716.5","19.48","5.11",NA
"May 04 2019","6,098.3","6,019.9","6,149.1","5,868.2","9.44","1.37",NA
"May 05 2019","6,042.0","6,098.2","6,112.0","5,956.2","5.82","-0.92",NA
"May 06 2019","6,027.9","6,042.0","6,100.3","5,906.8","6.48","-0.23",NA
"May 07 2019","6,087.9","6,027.9","6,290.0","6,027.9","11.99","1.00",NA
"May 08 2019","6,201.0","6,096.6","6,220.4","6,024.1","8.20","1.86",NA
"May 09 2019","6,258.4","6,201.9","6,309.0","6,165.0","9.68","0.93",NA
"May 10 2019","6,438.7","6,262.0","6,522.0","6,212.6","14.49","2.88",NA
"May 11 2019","7,136.4","6,438.7","7,278.3","6,438.7","37.91","10.84",NA
"May 12 2019","6,979.9","7,125.1","7,448.0","6,860.0","31.96","-2.19",NA
"May 13 2019","7,753.2","6,980.1","8,049.9","6,883.9","36.47","11.08",NA
"May 14 2019","7,958.3","7,753.2","8,194.1","7,684.1","29.32","2.65",NA
"May 15 2019","8,132.9","7,951.9","8,208.9","7,837.6","19.04","2.19",NA
"May 16 2019","7,857.0","8,135.5","8,307.7","7,750.1","22.29","-3.39",NA
"May 17 2019","7,415.4","7,857.5","7,905.7","7,067.4","29.02","-5.62",NA
"May 18 2019","7,260.0","7,418.3","7,509.1","7,210.6","9.32","-2.10",NA
"May 19 2019","8,189.5","7,260.1","8,263.2","7,252.0","23.46","12.80",NA
"May 20 2019","7,985.0","8,188.3","8,188.3","7,601.0","16.90","-2.50",NA
"May 21 2019","7,937.0","7,990.5","8,089.9","7,819.7","7.69","-0.60",NA
"May 22 2019","7,621.1","7,933.6","8,030.0","7,507.9","10.78","-3.98",NA
"May 23 2019","7,872.4","7,619.9","7,957.1","7,496.3","10.55","3.30",NA
"May 24 2019","7,994.9","7,872.1","8,158.6","7,801.6","10.92","1.56",NA
"May 25 2019","8,054.9","7,990.0","8,135.0","7,950.4","4.34","0.75",NA
"May 26 2019","8,729.9","8,054.9","8,820.0","7,880.2","20.14","8.38",NA
"May 27 2019","8,806.0","8,730.0","8,951.0","8,661.0","17.56","0.87",NA
"May 28 2019","8,740.9","8,806.1","8,843.7","8,558.3","11.14","-0.74",NA
"May 29 2019","8,680.9","8,738.1","8,794.9","8,490.0","10.30","-0.69",NA
"May 30 2019","8,269.9","8,681.2","9,100.0","8,019.7","20.29","-4.73",NA
"May 31 2019","8,533.3","8,268.5","8,550.0","8,112.4","10.93","3.18",NA
"Jun 01 2019","8,547.0","8,531.9","8,625.0","8,452.0","5.46","0.16",2019-06-01
"Jun 02 2019","8,740.0","8,546.9","8,818.0","8,540.0","6.24","2.26",2019-06-02
"Jun 03 2019","8,103.4","8,740.1","8,740.1","8,050.1","18.66","-7.28",2019-06-03
"Jun 04 2019","7,692.8","8,088.0","8,088.0","7,524.5","28.12","-5.07",2019-06-04
"Jun 05 2019","7,789.3","7,692.8","7,931.0","7,603.0","10.83","1.25",2019-06-05
"Jun 06 2019","7,805.6","7,766.3","7,870.6","7,461.0","7.51","0.21",2019-06-06
"Jun 07 2019","7,991.5","7,816.9","8,123.5","7,769.1","13.44","2.38",2019-06-07
"Jun 08 2019","7,924.6","8,002.1","8,064.8","7,802.0","4.77","-0.84",2019-06-08
"Jun 09 2019","7,639.2","7,924.0","7,961.0","7,502.5","6.83","-3.60",2019-06-09
"Jun 10 2019","8,013.7","7,622.5","8,046.3","7,523.3","8.90","4.90",2019-06-10
"Jun 11 2019","7,904.1","8,018.8","8,048.9","7,711.3","6.53","-1.37",2019-06-11
"Jun 12 2019","8,175.4","7,903.1","8,238.8","7,822.3","9.14","3.43",2019-06-12
"Jun 13 2019","8,227.4","8,177.6","8,333.0","8,038.9","8.89","0.64",2019-06-13
"Jun 14 2019","8,689.1","8,230.0","8,714.9","8,163.3","12.71","5.61",2019-06-14
"Jun 15 2019","8,856.0","8,689.0","8,904.1","8,611.0","9.40","1.92",2019-06-15
"Jun 16 2019","8,986.0","8,852.8","9,389.6","8,803.0","20.91","1.47",2019-06-16
"Jun 17 2019","9,356.0","8,986.0","9,489.9","8,986.0","14.17","4.12",2019-06-17
"Jun 18 2019","9,095.9","9,351.0","9,370.9","8,945.4","10.59","-2.78",2019-06-18
"Jun 19 2019","9,305.9","9,094.9","9,339.9","9,062.0","5.77","2.31",2019-06-19
"Jun 20 2019","9,557.1","9,306.0","9,620.8","9,241.0","10.59","2.70",2019-06-20
"Jun 21 2019","10,236.0","9,557.8","10,249.0","9,557.8","22.23","7.10",2019-06-21
"Jun 22 2019","10,747.9","10,227.0","11,210.0","10,098.2","36.68","5.00",2019-06-22
"Jun 23 2019","10,916.0","10,745.0","11,368.0","10,576.0","18.59","1.56",2019-06-23
"Jun 24 2019","11,053.0","10,913.0","11,135.0","10,560.0","14.40","1.26",2019-06-24
"Jun 25 2019","11,751.0","11,070.0","11,780.0","10,992.4","21.85","6.32",2019-06-25
"Jun 26 2019","12,876.0","11,746.0","13,764.0","11,693.0","55.59","9.57",2019-06-26
"Jun 27 2019","11,200.0","12,876.0","13,222.0","10,397.0","47.61","-13.02",2019-06-27
"Jun 28 2019","12,349.0","11,183.0","12,404.0","10,812.0","31.98","10.26",2019-06-28
"Jun 29 2019","11,921.0","12,350.7","12,350.7","11,375.0","20.39","-3.47",2019-06-29
"Jun 30 2019","10,745.0","11,973.0","12,229.0","10,705.0","19.07","-9.86",2019-06-30
"Jul 01 2019","10,639.0","10,777.0","11,221.0","10,099.0","24.90","-0.99",2019-07-01
"Jul 02 2019","10,866.0","10,639.8","10,961.0","9,745.1","28.78","2.13",2019-07-02
"Jul 03 2019","11,984.0","10,903.0","12,004.0","10,903.0","28.09","10.29",2019-07-03
"Jul 04 2019","11,169.0","12,000.0","12,063.5","11,057.0","19.84","-6.80",2019-07-04
"Jul 05 2019","10,998.0","11,141.0","11,440.0","10,802.0","16.37","-1.53",2019-07-05
"Jul 06 2019","11,283.0","10,983.0","11,720.0","10,983.0","12.21","2.59",2019-07-06
"Jul 07 2019","11,486.0","11,276.0","11,618.0","11,121.6","8.42","1.80",2019-07-07
"Jul 08 2019","12,301.0","11,484.0","12,382.0","11,339.0","17.84","7.10",2019-07-08
"Jul 09 2019","12,553.0","12,301.5","12,811.0","12,173.0","19.16","2.05",2019-07-09
"Jul 10 2019","12,093.0","12,564.0","13,173.0","11,572.0","36.06","-3.66",2019-07-10
"Jul 11 2019","11,340.0","12,092.0","12,092.0","11,006.0","21.60","-6.23",2019-07-11
"Jul 12 2019","11,765.0","11,327.0","11,900.0","11,100.0","12.25","3.75",2019-07-12
"Jul 13 2019","11,312.0","11,779.0","11,803.0","10,806.0","14.72","-3.85",2019-07-13
"Jul 14 2019","10,206.8","11,324.0","11,390.0","10,125.0","22.49","-9.77",2019-07-14
"Jul 15 2019","10,820.0","10,193.0","11,043.0","9,920.6","21.44","6.01",2019-07-15
"Jul 16 2019","9,410.0","10,813.0","10,991.0","9,378.0","26.18","-13.03",2019-07-16
"Jul 17 2019","9,683.2","9,418.4","9,963.1","9,090.0","23.12","2.90",2019-07-17
"Jul 18 2019","10,622.0","9,691.2","10,750.0","9,271.6","28.83","9.70",2019-07-18
"Jul 19 2019","10,519.0","10,624.0","10,759.0","10,132.7","13.16","-0.97",2019-07-19
"Jul 20 2019","10,740.0","10,517.6","11,085.0","10,402.0","12.13","2.10",2019-07-20
"Jul 21 2019","10,569.4","10,741.0","10,811.0","10,300.0","8.25","-1.59",2019-07-21
"Jul 22 2019","10,329.0","10,572.0","10,667.0","10,094.0","10.90","-2.27",2019-07-22
"Jul 23 2019","9,854.9","10,330.0","10,330.0","9,824.5","9.77","-4.59",2019-07-23
"Jul 24 2019","9,771.0","9,859.0","9,917.7","9,541.9","11.57","-0.85",2019-07-24
"Jul 25 2019","9,890.1","9,772.0","10,180.0","9,735.0","9.22","1.22",2019-07-25
"Jul 26 2019","9,842.5","9,888.0","9,899.0","9,672.0","5.12","-0.48",2019-07-26
"Jul 27 2019","9,465.7","9,840.3","10,189.0","9,300.3","11.77","-3.83",2019-07-27
"Jul 28 2019","9,519.0","9,463.1","9,604.2","9,112.3","7.75","0.56",2019-07-28
"Jul 29 2019","9,507.0","9,530.0","9,690.0","9,396.6","5.70","-0.13",2019-07-29
"Jul 30 2019","9,589.0","9,503.5","9,736.0","9,401.6","5.19","0.86",2019-07-30
"Jul 31 2019","10,088.0","9,588.9","10,099.0","9,575.5","7.94","5.20",2019-07-31
"Aug 01 2019","10,399.0","10,096.0","10,500.0","9,899.9","7.78","3.08",NA
"Aug 02 2019","10,519.0","10,400.0","10,648.3","10,345.0","8.44","1.15",NA
"Aug 03 2019","10,822.0","10,520.0","10,910.0","10,506.0","7.42","2.88",NA
"Aug 04 2019","10,973.0","10,822.0","11,060.0","10,595.0","9.28","1.40",NA
"Aug 05 2019","11,808.0","10,974.0","11,938.0","10,973.0","16.13","7.61",NA
"Aug 06 2019","11,471.2","11,824.0","12,307.0","11,268.0","19.34","-2.85",NA
"Aug 07 2019","11,997.0","11,472.0","12,122.0","11,386.0","13.66","4.58",NA
"Aug 08 2019","12,060.0","11,999.0","12,126.0","11,570.0","10.97","0.53",NA
"Aug 09 2019","11,893.0","12,051.0","12,092.7","11,711.0","7.81","-1.38",NA
"Aug 10 2019","11,314.0","11,892.0","12,003.0","11,263.0","9.02","-4.87",NA
"Aug 11 2019","11,586.0","11,308.0","11,594.0","11,158.0","5.44","2.40",NA
"Aug 12 2019","11,404.0","11,577.0","11,578.8","11,272.0","3.20","-1.57",NA
"Aug 13 2019","10,904.0","11,411.0","11,468.0","10,801.0","9.00","-4.38",NA
"Aug 14 2019","10,067.0","10,904.0","10,909.0","9,980.0","14.51","-7.68",NA
"Aug 15 2019","10,327.0","10,067.0","10,470.0","9,522.5","17.37","2.58",NA
"Aug 16 2019","10,366.0","10,324.0","10,568.0","9,783.4","12.89","0.38",NA
"Aug 17 2019","10,228.0","10,372.0","10,487.0","10,004.1","4.89","-1.33",NA
"Aug 18 2019","10,327.0","10,230.0","10,529.0","10,086.0","3.90","0.97",NA
"Aug 19 2019","10,937.0","10,329.0","10,960.0","10,280.0","7.38","5.91",NA
"Aug 20 2019","10,793.0","10,947.0","10,986.0","10,588.0","5.83","-1.32",NA
"Aug 21 2019","10,146.0","10,795.0","10,825.0","9,880.0","11.79","-5.99",NA
"Aug 22 2019","10,117.0","10,147.0","10,247.0","9,790.0","6.53","-0.29",NA
"Aug 23 2019","10,408.0","10,117.0","10,461.0","10,063.0","6.39","2.88",NA
"Aug 24 2019","10,152.0","10,414.0","10,427.0","9,900.0","5.41","-2.46",NA
"Aug 25 2019","10,132.0","10,162.0","10,349.0","9,881.1","5.21","-0.20",NA
"Aug 26 2019","10,377.0","10,144.0","10,654.0","10,144.0","8.98","2.42",NA
"Aug 27 2019","10,184.0","10,376.2","10,392.0","10,036.9","4.52","-1.86",NA
"Aug 28 2019","9,727.4","10,190.0","10,303.0","9,585.3","10.41","-4.48",NA
"Aug 29 2019","9,509.0","9,727.3","9,727.3","9,360.4","7.08","-2.25",NA
"Aug 30 2019","9,601.0","9,509.4","9,710.0","9,384.3","3.75","0.97",NA
"Aug 31 2019","9,623.9","9,600.7","9,710.2","9,472.1","2.75","0.24",NA
"Sep 01 2019","9,779.1","9,623.9","9,858.0","9,560.1","2.87","1.61",NA
"Sep 02 2019","10,388.0","9,783.0","10,473.0","9,754.9","11.14","6.23",NA
"Sep 03 2019","10,641.0","10,401.0","10,766.0","10,300.0","10.74","2.44",NA
"Sep 04 2019","10,590.0","10,642.0","10,841.2","10,411.0","6.25","-0.48",NA
"Sep 05 2019","10,578.7","10,593.0","10,663.0","10,483.0","3.01","-0.11",NA
"Sep 06 2019","10,317.0","10,582.9","10,933.0","10,218.0","11.28","-2.47",NA
"Sep 07 2019","10,488.0","10,305.0","10,581.0","10,305.0","3.38","1.66",NA
"Sep 08 2019","10,415.0","10,489.0","10,599.0","10,257.0","3.51","-0.70",NA
"Sep 09 2019","10,318.0","10,417.0","10,542.0","10,118.6","5.20","-0.93",NA
"Sep 10 2019","10,122.0","10,317.0","10,399.0","9,961.7","4.21","-1.90",NA
"Sep 11 2019","10,175.0","10,121.0","10,297.0","9,866.5","4.35","0.52",NA
"Sep 12 2019","10,452.0","10,174.2","10,488.0","10,065.1","4.40","2.72",NA
"Sep 13 2019","10,374.0","10,452.0","10,475.0","10,170.0","4.50","-0.75",NA
"Sep 14 2019","10,379.0","10,374.0","10,478.0","10,256.0","3.16","0.05",NA
"Sep 15 2019","10,322.0","10,381.0","10,402.0","10,287.0","1.88","-0.55",NA
"Sep 16 2019","10,295.0","10,321.0","10,399.0","10,100.0","5.52","-0.26",NA
"Sep 17 2019","10,214.1","10,290.0","10,308.0","10,171.0","2.94","-0.79",NA
"Sep 18 2019","10,185.0","10,214.1","10,278.0","10,111.0","3.34","-0.28",NA
"Sep 19 2019","10,301.0","10,185.0","10,417.0","9,655.0","9.77","1.14",NA
"Sep 20 2019","10,198.0","10,303.0","10,340.0","10,105.0","2.51","-1.00",NA
"Sep 21 2019","10,013.0","10,197.0","10,199.0","9,958.1","2.98","-1.81",NA
"Sep 22 2019","10,052.0","10,012.0","10,105.0","9,881.4","2.75","0.39",NA
"Sep 23 2019","9,702.6","10,055.0","10,077.0","9,627.5","5.49","-3.48",NA
"Sep 24 2019","8,547.9","9,702.6","9,788.1","8,110.1","34.87","-11.90",NA
"Sep 25 2019","8,361.7","8,535.0","8,770.0","8,266.1","40.28","-2.18",NA
